#:unix_secs,unix_nsecs,sysuptime,exaddr,dpkts,doctets,first,last,engine_type,engine_id,srcaddr,dstaddr,nexthop,input,output,srcport,dstport,prot,tos,tcp_flags,src_mask,dst_mask,src_as,dst_as
1705045986,712899,7873224,140.30.20.1,1,60,7792552,7792552,0,0,40.101.92.22,140.30.20.2,0.0.0.0,456,456,587,47830,6,0,18,0,0,0,0
1705045986,712899,7873224,140.30.20.1,1,60,7792552,7792552,0,0,40.101.92.22,140.30.20.2,0.0.0.0,456,456,587,54590,6,0,18,0,0,0,0
1705045986,712899,7873224,140.30.20.1,1,60,7794972,7794972,0,0,40.101.92.22,140.30.20.2,0.0.0.0,456,456,587,59476,6,0,18,0,0,0,0
1705045986,712899,7873224,140.30.20.1,1,60,7792596,7792596,0,0,40.101.92.22,140.30.20.2,0.0.0.0,456,456,587,59482,6,0,18,0,0,0,0
1705045986,712899,7873224,140.30.20.1,2,176,7792552,7792596,0,0,140.30.20.3,40.101.92.22,140.30.20.2,65535,456,0,1281,1,192,0,0,0,0,0
1705045986,712899,7873224,140.30.20.1,1,60,7792552,7792552,0,0,40.101.92.22,140.30.20.2,0.0.0.0,456,456,587,54584,6,0,18,0,0,0,0
1705045986,712899,7873224,140.30.20.1,1,60,7792580,7792580,0,0,40.101.92.22,140.30.20.2,0.0.0.0,456,456,587,47844,6,0,18,0,0,0,0
1705045986,712899,7873224,140.30.20.1,33,3497,7792564,7802252,0,0,152.148.48.6,40.101.92.22,140.30.20.2,456,456,59482,587,6,0,27,0,0,0,0
1705045986,712899,7873224,140.30.20.1,35,4108,7792284,7802260,0,0,152.148.48.4,40.101.92.22,140.30.20.2,456,456,54590,587,6,0,27,0,0,0,0
1705045986,712899,7873224,140.30.20.1,28,7311,7792580,7802252,0,0,40.101.92.22,140.30.20.2,0.0.0.0,456,456,842,54590,6,0,25,0,0,0,0
1705045986,712899,7873224,140.30.20.1,25,11213,7792588,7802200,0,0,40.101.92.22,140.30.20.2,0.0.0.0,456,456,1007,47830,6,0,25,0,0,0,0
1705045986,712899,7873224,140.30.20.1,25,7095,7795016,7802288,0,0,40.101.92.22,140.30.20.2,0.0.0.0,456,456,921,59476,6,0,25,0,0,0,0
1705045986,712899,7873224,140.30.20.1,33,3998,7792316,7802204,0,0,152.148.48.5,40.101.92.22,140.30.20.2,456,456,47830,587,6,0,27,0,0,0,0
1705045986,712899,7873224,140.30.20.1,29,7466,7792604,7802300,0,0,40.101.92.22,140.30.20.2,0.0.0.0,456,456,846,47844,6,0,25,0,0,0,0
1705045986,712899,7873224,140.30.20.1,34,3543,7792284,7802292,0,0,152.148.48.6,40.101.92.22,140.30.20.2,456,456,59476,587,6,0,27,0,0,0,0
1705045986,712899,7873224,140.30.20.1,29,7331,7792620,7802248,0,0,40.101.92.22,140.30.20.2,0.0.0.0,456,456,805,59482,6,0,25,0,0,0,0
1705045986,712899,7873224,140.30.20.1,38,4319,7792548,7802300,0,0,152.148.48.5,40.101.92.22,140.30.20.2,456,456,47844,587,6,0,27,0,0,0,0
1705045986,712899,7873224,140.30.20.1,25,11318,7792580,7810488,0,0,40.101.92.22,140.30.20.2,0.0.0.0,456,456,990,54584,6,0,25,0,0,0,0
1705045986,712899,7873224,140.30.20.1,33,3982,7792284,7810488,0,0,152.148.48.4,40.101.92.22,140.30.20.2,456,456,54584,587,6,0,27,0,0,0,0
1705045986,712899,7873224,140.30.20.1,1,88,7810440,7810440,0,0,140.30.20.3,40.101.92.22,140.30.20.2,65535,456,0,1281,1,192,0,0,0,0,0
1705045986,712899,7873224,140.30.20.1,1,60,7810440,7810440,0,0,40.101.92.22,140.30.20.2,0.0.0.0,456,456,587,36002,6,0,18,0,0,0,0
1705045986,712899,7873224,140.30.20.1,29,3251,7810344,7835520,0,0,152.148.48.4,40.101.92.22,140.30.20.2,456,456,36002,587,6,0,27,0,0,0,0
1705045986,712899,7873224,140.30.20.1,25,7099,7810464,7835512,0,0,40.101.92.22,140.30.20.2,0.0.0.0,456,456,949,36002,6,0,25,0,0,0,0
1705045986,712899,7873224,140.30.20.1,1,60,7835472,7835472,0,0,52.98.163.54,140.30.20.2,0.0.0.0,456,456,587,38314,6,0,18,0,0,0,0
1705045986,712899,7873224,140.30.20.1,1,88,7835472,7835472,0,0,140.30.20.3,52.98.163.54,140.30.20.2,65535,456,0,1281,1,192,0,0,0,0,0
1705045986,712899,7873224,140.30.20.1,22,7146,7835472,7848388,0,0,52.98.163.54,140.30.20.2,0.0.0.0,456,456,958,38314,6,0,25,0,0,0,0
1705045986,712899,7873224,140.30.20.1,21,6607,7848384,7853144,0,0,52.97.173.22,140.30.20.2,0.0.0.0,456,456,779,35698,6,0,24,0,0,0,0
1705045986,712899,7873224,140.30.20.1,28,3175,7835448,7848412,0,0,152.148.48.4,52.98.163.54,140.30.20.2,456,456,38314,587,6,0,27,0,0,0,0
1705045986,712899,7873224,140.30.20.1,1,88,7848356,7848356,0,0,140.30.20.3,52.97.173.22,140.30.20.2,65535,456,0,1281,1,192,0,0,0,0,0
1705045986,712899,7873224,140.30.20.1,26,3059,7848336,7853188,0,0,152.148.48.4,52.97.173.22,140.30.20.2,456,456,35698,587,6,0,26,0,0,0,0
1705046075,380573,7961888,140.30.20.1,1,60,7848356,7848356,0,0,52.97.173.22,140.30.20.2,0.0.0.0,456,456,587,35698,6,0,18,0,0,0,0
1705046075,380573,7961888,140.30.20.1,6,360,7810340,7873224,0,0,152.148.48.5,40.101.92.22,140.30.20.2,456,456,54432,465,6,0,2,0,0,0,0
1705046075,380573,7961888,140.30.20.1,2,104,7874656,7874656,0,0,52.97.173.22,140.30.20.2,0.0.0.0,456,456,779,35698,6,0,17,0,0,0,0
1705046075,380573,7961888,140.30.20.1,6,360,7810344,7873224,0,0,152.148.48.6,52.98.200.230,140.30.20.2,456,456,51856,465,6,0,2,0,0,0,0
1705046075,380573,7961888,140.30.20.1,6,360,7810332,7873224,0,0,152.148.48.5,40.101.92.22,140.30.20.2,456,456,54418,465,6,0,2,0,0,0,0
1705046075,380573,7961888,140.30.20.1,6,360,7810336,7873224,0,0,152.148.48.4,40.101.92.22,140.30.20.2,456,456,33476,465,6,0,2,0,0,0,0
1705046075,380573,7961888,140.30.20.1,23,2879,7874496,7876272,0,0,152.148.48.4,40.101.92.22,140.30.20.2,456,456,36984,587,6,0,26,0,0,0,0
1705046075,380573,7961888,140.30.20.1,1,88,7874544,7874544,0,0,140.30.20.3,40.101.92.22,140.30.20.2,65535,456,0,1281,1,192,0,0,0,0,0
1705046075,380573,7961888,140.30.20.1,18,6440,7874636,7876268,0,0,40.101.92.22,140.30.20.2,0.0.0.0,456,456,690,36984,6,0,24,0,0,0,0
1705046075,380573,7961888,140.30.20.1,6,360,7810344,7873224,0,0,152.148.48.6,40.101.92.22,140.30.20.2,456,456,46658,465,6,0,2,0,0,0,0
1705046075,380573,7961888,140.30.20.1,2,104,7874636,7874656,0,0,152.148.48.4,52.97.173.22,140.30.20.2,456,456,35698,587,6,0,17,0,0,0,0
1705046075,380573,7961888,140.30.20.1,1,60,7874544,7874544,0,0,40.101.92.22,140.30.20.2,0.0.0.0,456,456,587,36984,6,0,18,0,0,0,0
1705046075,380573,7961888,140.30.20.1,1,88,7893948,7893948,0,0,140.30.20.3,40.101.93.246,140.30.20.2,65535,456,0,1281,1,192,0,0,0,0,0
1705046075,380573,7961888,140.30.20.1,3,156,7893392,7893656,0,0,152.148.48.4,40.101.92.22,140.30.20.2,456,456,36984,587,6,0,17,0,0,0,0
1705046075,380573,7961888,140.30.20.1,3,503,7894040,7894408,0,0,40.101.93.246,140.30.20.2,0.0.0.0,456,456,786,46078,6,0,24,0,0,0,0
1705046075,380573,7961888,140.30.20.1,3,156,7893656,7893676,0,0,40.101.92.22,140.30.20.2,0.0.0.0,456,456,690,36984,6,0,17,0,0,0,0
1705046075,380573,7961888,140.30.20.1,1,60,7893948,7893948,0,0,40.101.93.246,140.30.20.2,0.0.0.0,456,456,587,46078,6,0,18,0,0,0,0
1705046075,380573,7961888,140.30.20.1,1,60,7914472,7914472,0,0,152.148.48.5,40.101.92.22,140.30.20.2,456,456,54432,465,6,0,2,0,0,0,0
1705046075,380573,7961888,140.30.20.1,1,60,7914472,7914472,0,0,152.148.48.6,52.98.200.230,140.30.20.2,456,456,51856,465,6,0,2,0,0,0,0
1705046075,380573,7961888,140.30.20.1,1,60,7914472,7914472,0,0,152.148.48.5,40.101.92.22,140.30.20.2,456,456,54418,465,6,0,2,0,0,0,0
1705046075,380573,7961888,140.30.20.1,1,60,7914472,7914472,0,0,152.148.48.4,40.101.92.22,140.30.20.2,456,456,33476,465,6,0,2,0,0,0,0
1705046075,380573,7961888,140.30.20.1,1,60,7914472,7914472,0,0,152.148.48.6,40.101.92.22,140.30.20.2,456,456,46658,465,6,0,2,0,0,0,0
1705046075,380573,7961888,140.30.20.1,1,88,7928184,7928184,0,0,140.30.20.3,40.101.92.198,140.30.20.2,65535,456,0,1281,1,192,0,0,0,0,0
1705046075,380573,7961888,140.30.20.1,1,60,7928184,7928184,0,0,40.101.92.198,140.30.20.2,0.0.0.0,456,456,587,42512,6,0,18,0,0,0,0
1705046075,380573,7961888,140.30.20.1,19,7711,7914496,7928232,0,0,40.101.93.246,140.30.20.2,0.0.0.0,456,456,786,46078,6,0,25,0,0,0,0
1705046075,380573,7961888,140.30.20.1,31,3888,7893916,7928232,0,0,152.148.48.4,40.101.93.246,140.30.20.2,456,456,46078,587,6,0,27,0,0,0,0
1705046075,380573,7961888,140.30.20.1,1,88,7941832,7941832,0,0,140.30.20.3,52.98.200.198,140.30.20.2,65535,456,0,1281,1,192,0,0,0,0,0
1705046075,380573,7961888,140.30.20.1,1,60,7941832,7941832,0,0,52.98.200.198,140.30.20.2,0.0.0.0,456,456,587,54666,6,0,18,0,0,0,0
1705046075,380573,7961888,140.30.20.1,22,6825,7928208,7941876,0,0,40.101.92.198,140.30.20.2,0.0.0.0,456,456,735,42512,6,0,25,0,0,0,0
1705046075,380573,7961888,140.30.20.1,27,3123,7928164,7941876,0,0,152.148.48.4,40.101.92.198,140.30.20.2,456,456,42512,587,6,0,27,0,0,0,0
1705046108,862497,7995372,140.30.20.1,31,3423,7941808,7962012,0,0,152.148.48.4,52.98.200.198,140.30.20.2,456,456,54666,587,6,0,27,0,0,0,0
1705046108,862497,7995372,140.30.20.1,23,6830,7941852,7962012,0,0,52.98.200.198,140.30.20.2,0.0.0.0,456,456,867,54666,6,0,25,0,0,0,0
1705046108,862497,7995372,140.30.20.1,1,60,7961964,7961964,0,0,40.101.92.182,140.30.20.2,0.0.0.0,456,456,587,33992,6,0,18,0,0,0,0
1705046108,862497,7995372,140.30.20.1,1,88,7961964,7961964,0,0,140.30.20.3,40.101.92.182,140.30.20.2,65535,456,0,1281,1,192,0,0,0,0,0
1705046187,388713,8073900,140.30.20.1,4,240,7980384,7991892,0,0,152.148.48.5,52.97.168.198,140.30.20.2,456,456,53056,465,6,0,2,0,0,0,0
1705046187,388713,8073900,140.30.20.1,31,3887,7961944,7987892,0,0,152.148.48.4,40.101.92.182,140.30.20.2,456,456,33992,587,6,0,27,0,0,0,0
1705046187,388713,8073900,140.30.20.1,1,60,7987844,7987844,0,0,52.97.168.214,140.30.20.2,0.0.0.0,456,456,587,54612,6,0,18,0,0,0,0
1705046187,388713,8073900,140.30.20.1,23,7150,7961988,7987892,0,0,40.101.92.182,140.30.20.2,0.0.0.0,456,456,886,33992,6,0,25,0,0,0,0
1705046187,388713,8073900,140.30.20.1,1,88,7987844,7987844,0,0,140.30.20.3,52.97.168.214,140.30.20.2,65535,456,0,1281,1,192,0,0,0,0,0
1705046187,388713,8073900,140.30.20.1,21,6773,7987868,7995376,0,0,52.97.168.214,140.30.20.2,0.0.0.0,456,456,981,54612,6,0,24,0,0,0,0
1705046187,388713,8073900,140.30.20.1,25,3019,7987824,7995376,0,0,152.148.48.4,52.97.168.214,140.30.20.2,456,456,54612,587,6,0,26,0,0,0,0
1705046187,388713,8073900,140.30.20.1,1,60,8007800,8007800,0,0,152.148.48.5,52.97.168.198,140.30.20.2,456,456,53056,465,6,0,2,0,0,0,0
1705046187,388713,8073900,140.30.20.1,5,300,7980296,8007808,0,0,152.148.48.5,52.97.168.198,140.30.20.2,456,456,53044,465,6,0,2,0,0,0,0
1705046187,388713,8073900,140.30.20.1,5,300,7980384,8007808,0,0,152.148.48.6,52.97.168.198,140.30.20.2,456,456,60444,465,6,0,2,0,0,0,0
1705046187,388713,8073900,140.30.20.1,5,300,7980384,8007808,0,0,152.148.48.4,52.97.168.198,140.30.20.2,456,456,51970,465,6,0,2,0,0,0,0
1705046187,388713,8073900,140.30.20.1,5,300,7980300,8007808,0,0,152.148.48.6,52.98.200.246,140.30.20.2,456,456,57090,465,6,0,2,0,0,0,0
1705046187,388713,8073900,140.30.20.1,1,60,8018088,8018088,0,0,52.98.159.6,140.30.20.2,0.0.0.0,456,456,587,47500,6,0,18,0,0,0,0
1705046187,388713,8073900,140.30.20.1,2,104,8017836,8017836,0,0,52.97.168.214,140.30.20.2,0.0.0.0,456,456,981,54612,6,0,17,0,0,0,0
1705046187,388713,8073900,140.30.20.1,1,88,8018088,8018088,0,0,140.30.20.3,52.98.159.6,140.30.20.2,65535,456,0,1281,1,192,0,0,0,0,0
1705046187,388713,8073900,140.30.20.1,2,104,8017812,8017836,0,0,152.148.48.4,52.97.168.214,140.30.20.2,456,456,54612,587,6,0,17,0,0,0,0
1705046187,388713,8073900,140.30.20.1,1,60,8025076,8025076,0,0,152.148.48.5,52.97.168.198,140.30.20.2,456,456,53056,465,6,0,2,0,0,0,0
1705046187,388713,8073900,140.30.20.1,1,60,8025080,8025080,0,0,152.148.48.5,52.97.168.198,140.30.20.2,456,456,53044,465,6,0,2,0,0,0,0
1705046187,388713,8073900,140.30.20.1,1,60,8025080,8025080,0,0,152.148.48.6,52.97.168.198,140.30.20.2,456,456,60444,465,6,0,2,0,0,0,0
1705046187,388713,8073900,140.30.20.1,1,60,8025080,8025080,0,0,152.148.48.4,52.97.168.198,140.30.20.2,456,456,51970,465,6,0,2,0,0,0,0
1705046187,388713,8073900,140.30.20.1,1,60,8025080,8025080,0,0,152.148.48.6,52.98.200.246,140.30.20.2,456,456,57090,465,6,0,2,0,0,0,0
1705046187,388713,8073900,140.30.20.1,21,6714,8018112,8034820,0,0,52.98.159.6,140.30.20.2,0.0.0.0,456,456,905,47500,6,0,25,0,0,0,0
1705046187,388713,8073900,140.30.20.1,1,88,8034776,8034776,0,0,140.30.20.3,40.101.92.182,140.30.20.2,65535,456,0,1281,1,192,0,0,0,0,0
1705046187,388713,8073900,140.30.20.1,26,3059,8018064,8034820,0,0,152.148.48.4,52.98.159.6,140.30.20.2,456,456,47500,587,6,0,27,0,0,0,0
1705046187,388713,8073900,140.30.20.1,1,60,8034776,8034776,0,0,40.101.92.182,140.30.20.2,0.0.0.0,456,456,587,33856,6,0,18,0,0,0,0
1705046187,388713,8073900,140.30.20.1,1,60,8046404,8046404,0,0,40.101.92.6,140.30.20.2,0.0.0.0,456,456,587,33978,6,0,18,0,0,0,0
1705046187,388713,8073900,140.30.20.1,21,2763,8034740,8046476,0,0,152.148.48.4,40.101.92.182,140.30.20.2,456,456,33856,587,6,0,27,0,0,0,0
1705046187,388713,8073900,140.30.20.1,1,88,8046404,8046404,0,0,140.30.20.3,40.101.92.6,140.30.20.2,65535,456,0,1281,1,192,0,0,0,0,0
1705046187,388713,8073900,140.30.20.1,19,6433,8034796,8046476,0,0,40.101.92.182,140.30.20.2,0.0.0.0,456,456,787,33856,6,0,25,0,0,0,0
1705046187,388713,8073900,140.30.20.1,1,60,8058880,8058880,0,0,152.148.48.5,52.97.168.198,140.30.20.2,456,456,53056,465,6,0,2,0,0,0,0
1705046300,616657,8187124,140.30.20.1,1,60,8058880,8058880,0,0,152.148.48.5,52.97.168.198,140.30.20.2,456,456,53044,465,6,0,2,0,0,0,0
1705046300,616657,8187124,140.30.20.1,1,60,8058880,8058880,0,0,152.148.48.6,52.97.168.198,140.30.20.2,456,456,60444,465,6,0,2,0,0,0,0
1705046300,616657,8187124,140.30.20.1,1,60,8058880,8058880,0,0,152.148.48.4,52.97.168.198,140.30.20.2,456,456,51970,465,6,0,2,0,0,0,0
1705046300,616657,8187124,140.30.20.1,1,60,8058880,8058880,0,0,152.148.48.6,52.98.200.246,140.30.20.2,456,456,57090,465,6,0,2,0,0,0,0
1705046300,616657,8187124,140.30.20.1,1,88,8073020,8073020,0,0,140.30.20.3,52.98.200.150,140.30.20.2,65535,456,0,1281,1,192,0,0,0,0,0
1705046300,616657,8187124,140.30.20.1,1,60,8073020,8073020,0,0,52.98.200.150,140.30.20.2,0.0.0.0,456,456,587,36830,6,0,18,0,0,0,0
1705046300,616657,8187124,140.30.20.1,23,6936,8046456,8073160,0,0,40.101.92.6,140.30.20.2,0.0.0.0,456,456,869,33978,6,0,25,0,0,0,0
1705046300,616657,8187124,140.30.20.1,30,3291,8046404,8073160,0,0,152.148.48.4,40.101.92.6,140.30.20.2,456,456,33978,587,6,0,27,0,0,0,0
1705046300,616657,8187124,140.30.20.1,1,60,8090736,8090736,0,0,52.98.200.214,140.30.20.2,0.0.0.0,456,456,587,45264,6,0,18,0,0,0,0
1705046300,616657,8187124,140.30.20.1,1,88,8090736,8090736,0,0,140.30.20.3,52.98.200.214,140.30.20.2,65535,456,0,1281,1,192,0,0,0,0,0
1705046300,616657,8187124,140.30.20.1,24,7523,8073136,8090788,0,0,52.98.200.150,140.30.20.2,0.0.0.0,456,456,818,36830,6,0,25,0,0,0,0
1705046300,616657,8187124,140.30.20.1,26,3083,8072996,8090788,0,0,152.148.48.4,52.98.200.150,140.30.20.2,456,456,36830,587,6,0,27,0,0,0,0
1705046300,616657,8187124,140.30.20.1,23,6936,8090760,8107832,0,0,52.98.200.214,140.30.20.2,0.0.0.0,456,456,857,45264,6,0,25,0,0,0,0
1705046300,616657,8187124,140.30.20.1,1,60,8108036,8108036,0,0,52.98.159.6,140.30.20.2,0.0.0.0,456,456,587,34692,6,0,18,0,0,0,0
1705046300,616657,8187124,140.30.20.1,1,88,8108036,8108036,0,0,140.30.20.3,52.98.159.6,140.30.20.2,65535,456,0,1281,1,192,0,0,0,0,0
1705046300,616657,8187124,140.30.20.1,28,3187,8090696,8107832,0,0,152.148.48.4,52.98.200.214,140.30.20.2,456,456,45264,587,6,0,27,0,0,0,0
1705046300,616657,8187124,140.30.20.1,22,7050,8108064,8116872,0,0,52.98.159.6,140.30.20.2,0.0.0.0,456,456,699,34692,6,0,24,0,0,0,0
1705046300,616657,8187124,140.30.20.1,27,3147,8108016,8116872,0,0,152.148.48.4,52.98.159.6,140.30.20.2,456,456,34692,587,6,0,26,0,0,0,0
1705046300,616657,8187124,140.30.20.1,2,104,8138032,8138032,0,0,52.98.159.6,140.30.20.2,0.0.0.0,456,456,699,34692,6,0,17,0,0,0,0
1705046300,616657,8187124,140.30.20.1,1,60,8137988,8137988,0,0,52.98.159.22,140.30.20.2,0.0.0.0,456,456,587,54538,6,0,18,0,0,0,0
1705046300,616657,8187124,140.30.20.1,2,104,8138012,8138036,0,0,152.148.48.4,52.98.159.6,140.30.20.2,456,456,34692,587,6,0,17,0,0,0,0
1705046300,616657,8187124,140.30.20.1,1,88,8137988,8137988,0,0,140.30.20.3,52.98.159.22,140.30.20.2,65535,456,0,1281,1,192,0,0,0,0,0
1705046300,616657,8187124,140.30.20.1,1,60,8154108,8154108,0,0,40.101.92.6,140.30.20.2,0.0.0.0,456,456,587,44136,6,0,18,0,0,0,0
1705046300,616657,8187124,140.30.20.1,26,3059,8137968,8154156,0,0,152.148.48.4,52.98.159.22,140.30.20.2,456,456,54538,587,6,0,27,0,0,0,0
1705046300,616657,8187124,140.30.20.1,1,88,8154108,8154108,0,0,140.30.20.3,40.101.92.6,140.30.20.2,65535,456,0,1281,1,192,0,0,0,0,0
1705046300,616657,8187124,140.30.20.1,21,6928,8138012,8154152,0,0,52.98.159.22,140.30.20.2,0.0.0.0,456,456,670,54538,6,0,25,0,0,0,0
1705046300,616657,8187124,140.30.20.1,1,88,8167936,8167936,0,0,140.30.20.3,40.101.92.198,140.30.20.2,65535,456,0,1281,1,192,0,0,0,0,0
1705046300,616657,8187124,140.30.20.1,24,7036,8154132,8167980,0,0,40.101.92.6,140.30.20.2,0.0.0.0,456,456,990,44136,6,0,25,0,0,0,0
1705046300,616657,8187124,140.30.20.1,1,60,8167936,8167936,0,0,40.101.92.198,140.30.20.2,0.0.0.0,456,456,587,60070,6,0,18,0,0,0,0
1705046300,616657,8187124,140.30.20.1,27,3123,8154084,8167980,0,0,152.148.48.4,40.101.92.6,140.30.20.2,456,456,44136,587,6,0,27,0,0,0,0
1705046383,42317,8269552,140.30.20.1,6,360,8137928,8178056,0,0,152.148.48.6,52.98.200.198,140.30.20.2,456,456,37228,465,6,0,2,0,0,0,0
1705046383,42317,8269552,140.30.20.1,6,360,8137924,8178056,0,0,152.148.48.6,52.98.163.38,140.30.20.2,456,456,33910,465,6,0,2,0,0,0,0
1705046383,42317,8269552,140.30.20.1,6,360,8137924,8178056,0,0,152.148.48.4,52.98.163.38,140.30.20.2,456,456,57352,465,6,0,2,0,0,0,0
1705046383,42317,8269552,140.30.20.1,6,360,8137932,8178056,0,0,152.148.48.5,52.98.163.38,140.30.20.2,456,456,58708,465,6,0,2,0,0,0,0
1705046383,42317,8269552,140.30.20.1,6,360,8127104,8178056,0,0,152.148.48.5,52.98.163.38,140.30.20.2,456,456,33964,465,6,0,2,0,0,0,0
1705046383,42317,8269552,140.30.20.1,24,7154,8167960,8198076,0,0,40.101.92.198,140.30.20.2,0.0.0.0,456,456,698,60070,6,0,25,0,0,0,0
1705046383,42317,8269552,140.30.20.1,29,3251,8167912,8198080,0,0,152.148.48.4,40.101.92.198,140.30.20.2,456,456,60070,587,6,0,27,0,0,0,0
1705046383,42317,8269552,140.30.20.1,1,60,8197996,8197996,0,0,52.98.163.54,140.30.20.2,0.0.0.0,456,456,587,52002,6,0,18,0,0,0,0
1705046383,42317,8269552,140.30.20.1,1,88,8197996,8197996,0,0,140.30.20.3,52.98.163.54,140.30.20.2,65535,456,0,1281,1,192,0,0,0,0,0
1705046383,42317,8269552,140.30.20.1,1,88,8218408,8218408,0,0,140.30.20.3,40.101.93.246,140.30.20.2,65535,456,0,1281,1,192,0,0,0,0,0
1705046383,42317,8269552,140.30.20.1,24,7261,8198024,8217956,0,0,52.98.163.54,140.30.20.2,0.0.0.0,456,456,1007,52002,6,0,25,0,0,0,0
1705046383,42317,8269552,140.30.20.1,1,60,8217924,8217924,0,0,152.148.48.6,52.98.200.198,140.30.20.2,456,456,37228,465,6,0,2,0,0,0,0
1705046383,42317,8269552,140.30.20.1,1,60,8217924,8217924,0,0,152.148.48.6,52.98.163.38,140.30.20.2,456,456,33910,465,6,0,2,0,0,0,0
1705046383,42317,8269552,140.30.20.1,1,60,8217924,8217924,0,0,152.148.48.4,52.98.163.38,140.30.20.2,456,456,57352,465,6,0,2,0,0,0,0
1705046383,42317,8269552,140.30.20.1,1,60,8218408,8218408,0,0,40.101.93.246,140.30.20.2,0.0.0.0,456,456,587,46134,6,0,18,0,0,0,0
1705046383,42317,8269552,140.30.20.1,29,3251,8197976,8217960,0,0,152.148.48.4,52.98.163.54,140.30.20.2,456,456,52002,587,6,0,27,0,0,0,0
1705046383,42317,8269552,140.30.20.1,1,60,8217924,8217924,0,0,152.148.48.5,52.98.163.38,140.30.20.2,456,456,58708,465,6,0,2,0,0,0,0
1705046383,42317,8269552,140.30.20.1,1,60,8217924,8217924,0,0,152.148.48.5,52.98.163.38,140.30.20.2,456,456,33964,465,6,0,2,0,0,0,0
1705046383,42317,8269552,140.30.20.1,27,3111,8218384,8231872,0,0,152.148.48.4,40.101.93.246,140.30.20.2,456,456,46134,587,6,0,27,0,0,0,0
1705046383,42317,8269552,140.30.20.1,1,60,8231824,8231824,0,0,52.97.173.22,140.30.20.2,0.0.0.0,456,456,587,38784,6,0,18,0,0,0,0
1705046383,42317,8269552,140.30.20.1,21,6714,8218428,8231872,0,0,40.101.93.246,140.30.20.2,0.0.0.0,456,456,780,46134,6,0,25,0,0,0,0
1705046383,42317,8269552,140.30.20.1,1,88,8231824,8231824,0,0,140.30.20.3,52.97.173.22,140.30.20.2,65535,456,0,1281,1,192,0,0,0,0,0
1705046383,42317,8269552,140.30.20.1,27,3111,8231804,8243360,0,0,152.148.48.4,52.97.173.22,140.30.20.2,456,456,38784,587,6,0,27,0,0,0,0
1705046383,42317,8269552,140.30.20.1,1,60,8243312,8243312,0,0,52.98.200.198,140.30.20.2,0.0.0.0,456,456,587,44238,6,0,18,0,0,0,0
1705046383,42317,8269552,140.30.20.1,1,88,8243312,8243312,0,0,140.30.20.3,52.98.200.198,140.30.20.2,65535,456,0,1281,1,192,0,0,0,0,0
1705046383,42317,8269552,140.30.20.1,22,6766,8231848,8243360,0,0,52.97.173.22,140.30.20.2,0.0.0.0,456,456,643,38784,6,0,25,0,0,0,0
1705046383,42317,8269552,140.30.20.1,22,7253,8243336,8254504,0,0,52.98.200.198,140.30.20.2,0.0.0.0,456,456,751,44238,6,0,25,0,0,0,0
1705046383,42317,8269552,140.30.20.1,25,3019,8243288,8254504,0,0,152.148.48.4,52.98.200.198,140.30.20.2,456,456,44238,587,6,0,27,0,0,0,0
1705046383,42317,8269552,140.30.20.1,1,60,8254368,8254368,0,0,52.98.159.6,140.30.20.2,0.0.0.0,456,456,587,38524,6,0,18,0,0,0,0
1705046383,42317,8269552,140.30.20.1,1,88,8254368,8254368,0,0,140.30.20.3,52.98.159.6,140.30.20.2,65535,456,0,1281,1,192,0,0,0,0,0
1705046466,912595,8353424,140.30.20.1,1,60,8265808,8265808,0,0,52.98.200.198,140.30.20.2,0.0.0.0,456,456,587,60968,6,0,18,0,0,0,0
1705046466,912595,8353424,140.30.20.1,1,88,8265808,8265808,0,0,140.30.20.3,52.98.200.198,140.30.20.2,65535,456,0,1281,1,192,0,0,0,0,0
1705046466,912595,8353424,140.30.20.1,17,6163,8254460,8265852,0,0,52.98.159.6,140.30.20.2,0.0.0.0,456,456,769,38524,6,0,25,0,0,0,0
1705046466,912595,8353424,140.30.20.1,21,2751,8254236,8265852,0,0,152.148.48.4,52.98.159.6,140.30.20.2,456,456,38524,587,6,0,27,0,0,0,0
1705046466,912595,8353424,140.30.20.1,21,6714,8265832,8279696,0,0,52.98.200.198,140.30.20.2,0.0.0.0,456,456,998,60968,6,0,25,0,0,0,0
1705046466,912595,8353424,140.30.20.1,21,2787,8279884,8282408,0,0,152.148.48.4,40.101.93.230,140.30.20.2,456,456,58946,587,6,0,26,0,0,0,0
1705046466,912595,8353424,140.30.20.1,1,60,8279908,8279908,0,0,40.101.93.230,140.30.20.2,0.0.0.0,456,456,587,58946,6,0,18,0,0,0,0
1705046466,912595,8353424,140.30.20.1,18,6713,8279936,8282408,0,0,40.101.93.230,140.30.20.2,0.0.0.0,456,456,911,58946,6,0,24,0,0,0,0
1705046466,912595,8353424,140.30.20.1,1,88,8279908,8279908,0,0,140.30.20.3,40.101.93.230,140.30.20.2,65535,456,0,1281,1,192,0,0,0,0,0
1705046466,912595,8353424,140.30.20.1,26,3059,8265788,8279696,0,0,152.148.48.4,52.98.200.198,140.30.20.2,456,456,60968,587,6,0,27,0,0,0,0
1705046466,912595,8353424,140.30.20.1,2,104,8299000,8299024,0,0,152.148.48.4,40.101.93.230,140.30.20.2,456,456,58946,587,6,0,17,0,0,0,0
1705046466,912595,8353424,140.30.20.1,2,104,8299024,8299024,0,0,40.101.93.230,140.30.20.2,0.0.0.0,456,456,911,58946,6,0,17,0,0,0,0
1705046466,912595,8353424,140.30.20.1,1,88,8298976,8298976,0,0,140.30.20.3,52.98.159.22,140.30.20.2,65535,456,0,1281,1,192,0,0,0,0,0
1705046466,912595,8353424,140.30.20.1,1,60,8298976,8298976,0,0,52.98.159.22,140.30.20.2,0.0.0.0,456,456,587,50062,6,0,18,0,0,0,0
1705046466,912595,8353424,140.30.20.1,1,88,8308656,8308656,0,0,140.30.20.3,40.101.93.246,140.30.20.2,65535,456,0,1281,1,192,0,0,0,0,0
1705046466,912595,8353424,140.30.20.1,1,60,8308656,8308656,0,0,40.101.93.246,140.30.20.2,0.0.0.0,456,456,587,35478,6,0,18,0,0,0,0
1705046466,912595,8353424,140.30.20.1,5,300,8282412,8308532,0,0,152.148.48.5,52.98.200.134,140.30.20.2,456,456,58338,465,6,0,2,0,0,0,0
1705046466,912595,8353424,140.30.20.1,28,3175,8298952,8308832,0,0,152.148.48.4,52.98.159.22,140.30.20.2,456,456,50062,587,6,0,27,0,0,0,0
1705046466,912595,8353424,140.30.20.1,23,6829,8299000,8308828,0,0,52.98.159.22,140.30.20.2,0.0.0.0,456,456,897,50062,6,0,25,0,0,0,0
1705046466,912595,8353424,140.30.20.1,21,2751,8308544,8320340,0,0,152.148.48.4,40.101.93.246,140.30.20.2,456,456,35478,587,6,0,27,0,0,0,0
1705046466,912595,8353424,140.30.20.1,1,60,8320296,8320296,0,0,52.97.173.22,140.30.20.2,0.0.0.0,456,456,587,53284,6,0,18,0,0,0,0
1705046466,912595,8353424,140.30.20.1,17,6163,8308756,8320340,0,0,40.101.93.246,140.30.20.2,0.0.0.0,456,456,731,35478,6,0,25,0,0,0,0
1705046466,912595,8353424,140.30.20.1,1,88,8320296,8320296,0,0,140.30.20.3,52.97.173.22,140.30.20.2,65535,456,0,1281,1,192,0,0,0,0,0
1705046466,912595,8353424,140.30.20.1,6,360,8282416,8325572,0,0,152.148.48.4,52.98.200.134,140.30.20.2,456,456,46828,465,6,0,2,0,0,0,0
1705046466,912595,8353424,140.30.20.1,6,360,8282408,8325572,0,0,152.148.48.6,52.98.200.134,140.30.20.2,456,456,34408,465,6,0,2,0,0,0,0
1705046466,912595,8353424,140.30.20.1,6,360,8282408,8325572,0,0,152.148.48.6,52.97.173.22,140.30.20.2,456,456,59198,465,6,0,2,0,0,0,0
1705046466,912595,8353424,140.30.20.1,1,60,8325580,8325580,0,0,152.148.48.5,52.98.200.134,140.30.20.2,456,456,58338,465,6,0,2,0,0,0,0
1705046466,912595,8353424,140.30.20.1,6,360,8282412,8325572,0,0,152.148.48.5,52.98.200.134,140.30.20.2,456,456,58328,465,6,0,2,0,0,0,0
1705046466,912595,8353424,140.30.20.1,19,6385,8320296,8335856,0,0,52.97.173.22,140.30.20.2,0.0.0.0,456,456,804,53284,6,0,25,0,0,0,0
1705046466,912595,8353424,140.30.20.1,1,88,8335724,8335724,0,0,140.30.20.3,52.98.200.182,140.30.20.2,65535,456,0,1281,1,192,0,0,0,0,0
1705046554,992794,8441504,140.30.20.1,1,60,8335724,8335724,0,0,52.98.200.182,140.30.20.2,0.0.0.0,456,456,587,38062,6,0,18,0,0,0,0
1705046554,992794,8441504,140.30.20.1,27,3087,8320268,8335856,0,0,152.148.48.4,52.97.173.22,140.30.20.2,456,456,53284,587,6,0,27,0,0,0,0
1705046554,992794,8441504,140.30.20.1,22,6980,8335832,8348668,0,0,52.98.200.182,140.30.20.2,0.0.0.0,456,456,895,38062,6,0,25,0,0,0,0
1705046554,992794,8441504,140.30.20.1,1,60,8353460,8353460,0,0,52.98.200.134,140.30.20.2,0.0.0.0,456,456,587,54366,6,0,18,0,0,0,0
1705046554,992794,8441504,140.30.20.1,27,3111,8335700,8348668,0,0,152.148.48.4,52.98.200.182,140.30.20.2,456,456,38062,587,6,0,27,0,0,0,0
1705046554,992794,8441504,140.30.20.1,1,88,8353460,8353460,0,0,140.30.20.3,52.98.200.134,140.30.20.2,65535,456,0,1281,1,192,0,0,0,0,0
1705046554,992794,8441504,140.30.20.1,1,60,8358632,8358632,0,0,152.148.48.4,52.98.200.134,140.30.20.2,456,456,46828,465,6,0,2,0,0,0,0
1705046554,992794,8441504,140.30.20.1,1,60,8358632,8358632,0,0,152.148.48.6,52.98.200.134,140.30.20.2,456,456,34408,465,6,0,2,0,0,0,0
1705046554,992794,8441504,140.30.20.1,1,60,8358632,8358632,0,0,152.148.48.6,52.97.173.22,140.30.20.2,456,456,59198,465,6,0,2,0,0,0,0
1705046554,992794,8441504,140.30.20.1,1,60,8358732,8358732,0,0,152.148.48.5,52.98.200.134,140.30.20.2,456,456,58338,465,6,0,2,0,0,0,0
1705046554,992794,8441504,140.30.20.1,1,60,8358632,8358632,0,0,152.148.48.5,52.98.200.134,140.30.20.2,456,456,58328,465,6,0,2,0,0,0,0
1705046554,992794,8441504,140.30.20.1,27,3111,8353436,8368980,0,0,152.148.48.4,52.98.200.134,140.30.20.2,456,456,54366,587,6,0,27,0,0,0,0
1705046554,992794,8441504,140.30.20.1,1,60,8368936,8368936,0,0,52.98.200.214,140.30.20.2,0.0.0.0,456,456,587,60926,6,0,18,0,0,0,0
1705046554,992794,8441504,140.30.20.1,1,88,8368936,8368936,0,0,140.30.20.3,52.98.200.214,140.30.20.2,65535,456,0,1281,1,192,0,0,0,0,0
1705046554,992794,8441504,140.30.20.1,22,6766,8353480,8368980,0,0,52.98.200.134,140.30.20.2,0.0.0.0,456,456,893,54366,6,0,25,0,0,0,0
1705046554,992794,8441504,140.30.20.1,1,88,8378776,8378776,0,0,140.30.20.3,40.101.92.198,140.30.20.2,65535,456,0,1281,1,192,0,0,0,0,0
1705046554,992794,8441504,140.30.20.1,21,2763,8368912,8378824,0,0,152.148.48.4,52.98.200.214,140.30.20.2,456,456,60926,587,6,0,27,0,0,0,0
1705046554,992794,8441504,140.30.20.1,18,6381,8368956,8378824,0,0,52.98.200.214,140.30.20.2,0.0.0.0,456,456,829,60926,6,0,25,0,0,0,0
1705046554,992794,8441504,140.30.20.1,1,60,8378776,8378776,0,0,40.101.92.198,140.30.20.2,0.0.0.0,456,456,587,58572,6,0,18,0,0,0,0
1705046554,992794,8441504,140.30.20.1,1,60,8391244,8391244,0,0,40.101.92.182,140.30.20.2,0.0.0.0,456,456,587,53136,6,0,18,0,0,0,0
1705046554,992794,8441504,140.30.20.1,1,88,8391244,8391244,0,0,140.30.20.3,40.101.92.182,140.30.20.2,65535,456,0,1281,1,192,0,0,0,0,0
1705046554,992794,8441504,140.30.20.1,22,2827,8378756,8395608,0,0,152.148.48.4,40.101.92.198,140.30.20.2,456,456,58572,587,6,0,27,0,0,0,0
1705046554,992794,8441504,140.30.20.1,29,3239,8391244,8397704,0,0,152.148.48.4,40.101.92.182,140.30.20.2,456,456,53136,587,6,0,26,0,0,0,0
1705046554,992794,8441504,140.30.20.1,25,7300,8395580,8397704,0,0,40.101.92.182,140.30.20.2,0.0.0.0,456,456,805,53136,6,0,24,0,0,0,0
1705046554,992794,8441504,140.30.20.1,20,6651,8378800,8395608,0,0,40.101.92.198,140.30.20.2,0.0.0.0,456,456,636,58572,6,0,25,0,0,0,0
1705046554,992794,8441504,140.30.20.1,2,104,8415752,8415796,0,0,152.148.48.4,40.101.92.182,140.30.20.2,456,456,53136,587,6,0,17,0,0,0,0
1705046554,992794,8441504,140.30.20.1,1,88,8415748,8415748,0,0,140.30.20.3,40.101.92.6,140.30.20.2,65535,456,0,1281,1,192,0,0,0,0,0
1705046554,992794,8441504,140.30.20.1,2,104,8415796,8415796,0,0,40.101.92.182,140.30.20.2,0.0.0.0,456,456,805,53136,6,0,17,0,0,0,0
1705046554,992794,8441504,140.30.20.1,1,60,8415748,8415748,0,0,40.101.92.6,140.30.20.2,0.0.0.0,456,456,587,48328,6,0,18,0,0,0,0
1705046554,992794,8441504,140.30.20.1,19,6599,8415752,8425864,0,0,40.101.92.6,140.30.20.2,0.0.0.0,456,456,889,48328,6,0,25,0,0,0,0
1705046634,275903,8520784,140.30.20.1,1,88,8426044,8426044,0,0,140.30.20.3,52.98.200.134,140.30.20.2,65535,456,0,1281,1,192,0,0,0,0,0
1705046634,275903,8520784,140.30.20.1,23,2887,8407768,8425864,0,0,152.148.48.4,40.101.92.6,140.30.20.2,456,456,48328,587,6,0,27,0,0,0,0
1705046634,275903,8520784,140.30.20.1,1,60,8426044,8426044,0,0,52.98.200.134,140.30.20.2,0.0.0.0,456,456,587,43090,6,0,18,0,0,0,0
1705046634,275903,8520784,140.30.20.1,22,2827,8426024,8441720,0,0,152.148.48.4,52.98.200.134,140.30.20.2,456,456,43090,587,6,0,27,0,0,0,0
1705046634,275903,8520784,140.30.20.1,1,88,8441588,8441588,0,0,140.30.20.3,52.98.200.246,140.30.20.2,65535,456,0,1281,1,192,0,0,0,0,0
1705046634,275903,8520784,140.30.20.1,19,6599,8426068,8441720,0,0,52.98.200.134,140.30.20.2,0.0.0.0,456,456,902,43090,6,0,25,0,0,0,0
1705046634,275903,8520784,140.30.20.1,1,60,8441588,8441588,0,0,52.98.200.246,140.30.20.2,0.0.0.0,456,456,587,40144,6,0,18,0,0,0,0
1705046634,275903,8520784,140.30.20.1,5,300,8425828,8455824,0,0,152.148.48.6,52.98.200.134,140.30.20.2,456,456,45870,465,6,0,2,0,0,0,0
1705046634,275903,8520784,140.30.20.1,30,3303,8441564,8455968,0,0,152.148.48.4,52.98.200.246,140.30.20.2,456,456,40144,587,6,0,27,0,0,0,0
1705046634,275903,8520784,140.30.20.1,5,300,8425828,8455824,0,0,152.148.48.6,52.97.173.22,140.30.20.2,456,456,50984,465,6,0,2,0,0,0,0
1705046634,275903,8520784,140.30.20.1,1,60,8455920,8455920,0,0,52.98.200.182,140.30.20.2,0.0.0.0,456,456,587,47578,6,0,18,0,0,0,0
1705046634,275903,8520784,140.30.20.1,1,88,8455920,8455920,0,0,140.30.20.3,52.98.200.182,140.30.20.2,65535,456,0,1281,1,192,0,0,0,0,0
1705046634,275903,8520784,140.30.20.1,5,300,8425836,8455824,0,0,152.148.48.5,52.97.173.22,140.30.20.2,456,456,54232,465,6,0,2,0,0,0,0
1705046634,275903,8520784,140.30.20.1,26,7365,8441696,8455964,0,0,52.98.200.246,140.30.20.2,0.0.0.0,456,456,960,40144,6,0,25,0,0,0,0
1705046634,275903,8520784,140.30.20.1,5,300,8425824,8455824,0,0,152.148.48.4,52.97.173.22,140.30.20.2,456,456,47550,465,6,0,2,0,0,0,0
1705046634,275903,8520784,140.30.20.1,5,300,8425816,8455844,0,0,152.148.48.5,52.97.173.22,140.30.20.2,456,456,54226,465,6,0,2,0,0,0,0
1705046634,275903,8520784,140.30.20.1,24,7036,8455944,8472148,0,0,52.98.200.182,140.30.20.2,0.0.0.0,456,456,957,47578,6,0,25,0,0,0,0
1705046634,275903,8520784,140.30.20.1,27,3123,8455900,8472148,0,0,152.148.48.4,52.98.200.182,140.30.20.2,456,456,47578,587,6,0,27,0,0,0,0
1705046634,275903,8520784,140.30.20.1,1,60,8472104,8472104,0,0,40.101.92.182,140.30.20.2,0.0.0.0,456,456,587,52022,6,0,18,0,0,0,0
1705046634,275903,8520784,140.30.20.1,1,88,8472104,8472104,0,0,140.30.20.3,40.101.92.182,140.30.20.2,65535,456,0,1281,1,192,0,0,0,0,0
1705046634,275903,8520784,140.30.20.1,1,60,8472744,8472744,0,0,152.148.48.6,52.98.200.134,140.30.20.2,456,456,45870,465,6,0,2,0,0,0,0
1705046634,275903,8520784,140.30.20.1,1,60,8472744,8472744,0,0,152.148.48.6,52.97.173.22,140.30.20.2,456,456,50984,465,6,0,2,0,0,0,0
1705046634,275903,8520784,140.30.20.1,1,60,8472744,8472744,0,0,152.148.48.5,52.97.173.22,140.30.20.2,456,456,54232,465,6,0,2,0,0,0,0
1705046634,275903,8520784,140.30.20.1,1,60,8472744,8472744,0,0,152.148.48.4,52.97.173.22,140.30.20.2,456,456,47550,465,6,0,2,0,0,0,0
1705046634,275903,8520784,140.30.20.1,1,60,8472740,8472740,0,0,152.148.48.5,52.97.173.22,140.30.20.2,456,456,54226,465,6,0,2,0,0,0,0
1705046634,275903,8520784,140.30.20.1,22,6921,8472124,8487308,0,0,40.101.92.182,140.30.20.2,0.0.0.0,456,456,945,52022,6,0,25,0,0,0,0
1705046634,275903,8520784,140.30.20.1,23,2891,8472076,8487308,0,0,152.148.48.4,40.101.92.182,140.30.20.2,456,456,52022,587,6,0,27,0,0,0,0
1705046634,275903,8520784,140.30.20.1,1,60,8487260,8487260,0,0,52.98.200.150,140.30.20.2,0.0.0.0,456,456,587,47972,6,0,18,0,0,0,0
1705046634,275903,8520784,140.30.20.1,1,88,8487260,8487260,0,0,140.30.20.3,52.98.200.150,140.30.20.2,65535,456,0,1281,1,192,0,0,0,0,0
1705046634,275903,8520784,140.30.20.1,1,60,8505764,8505764,0,0,152.148.48.6,52.98.200.134,140.30.20.2,456,456,45870,465,6,0,2,0,0,0,0
1705046719,368643,8605876,140.30.20.1,1,60,8505764,8505764,0,0,152.148.48.6,52.97.173.22,140.30.20.2,456,456,50984,465,6,0,2,0,0,0,0
1705046719,368643,8605876,140.30.20.1,1,60,8505764,8505764,0,0,152.148.48.5,52.97.173.22,140.30.20.2,456,456,54232,465,6,0,2,0,0,0,0
1705046719,368643,8605876,140.30.20.1,1,60,8505764,8505764,0,0,152.148.48.4,52.97.173.22,140.30.20.2,456,456,47550,465,6,0,2,0,0,0,0
1705046719,368643,8605876,140.30.20.1,1,60,8505760,8505760,0,0,152.148.48.5,52.97.173.22,140.30.20.2,456,456,54226,465,6,0,2,0,0,0,0
1705046719,368643,8605876,140.30.20.1,26,3059,8487240,8505796,0,0,152.148.48.4,52.98.200.150,140.30.20.2,456,456,47972,587,6,0,27,0,0,0,0
1705046719,368643,8605876,140.30.20.1,21,6714,8487264,8505792,0,0,52.98.200.150,140.30.20.2,0.0.0.0,456,456,722,47972,6,0,25,0,0,0,0
1705046719,368643,8605876,140.30.20.1,1,60,8505964,8505964,0,0,40.101.92.182,140.30.20.2,0.0.0.0,456,456,587,49880,6,0,18,0,0,0,0
1705046719,368643,8605876,140.30.20.1,1,88,8505964,8505964,0,0,140.30.20.3,40.101.92.182,140.30.20.2,65535,456,0,1281,1,192,0,0,0,0,0
1705046719,368643,8605876,140.30.20.1,22,7087,8505988,8520924,0,0,40.101.92.182,140.30.20.2,0.0.0.0,456,456,609,49880,6,0,25,0,0,0,0
1705046719,368643,8605876,140.30.20.1,1,88,8520880,8520880,0,0,140.30.20.3,52.98.200.134,140.30.20.2,65535,456,0,1281,1,192,0,0,0,0,0
1705046719,368643,8605876,140.30.20.1,1,60,8520880,8520880,0,0,52.98.200.134,140.30.20.2,0.0.0.0,456,456,587,53540,6,0,18,0,0,0,0
1705046719,368643,8605876,140.30.20.1,24,2955,8505940,8520924,0,0,152.148.48.4,40.101.92.182,140.30.20.2,456,456,49880,587,6,0,27,0,0,0,0
1705046719,368643,8605876,140.30.20.1,1,60,8535932,8535932,0,0,40.101.92.198,140.30.20.2,0.0.0.0,456,456,587,45548,6,0,18,0,0,0,0
1705046719,368643,8605876,140.30.20.1,1,88,8535932,8535932,0,0,140.30.20.3,40.101.92.198,140.30.20.2,65535,456,0,1281,1,192,0,0,0,0,0
1705046719,368643,8605876,140.30.20.1,27,3123,8520856,8535976,0,0,152.148.48.4,52.98.200.134,140.30.20.2,456,456,53540,587,6,0,27,0,0,0,0
1705046719,368643,8605876,140.30.20.1,23,6984,8520900,8535976,0,0,52.98.200.134,140.30.20.2,0.0.0.0,456,456,728,53540,6,0,25,0,0,0,0
1705046719,368643,8605876,140.30.20.1,28,3187,8535908,8556360,0,0,152.148.48.4,40.101.92.198,140.30.20.2,456,456,45548,587,6,0,27,0,0,0,0
1705046719,368643,8605876,140.30.20.1,24,6988,8535956,8556356,0,0,40.101.92.198,140.30.20.2,0.0.0.0,456,456,945,45548,6,0,25,0,0,0,0
1705046719,368643,8605876,140.30.20.1,1,60,8556312,8556312,0,0,52.98.163.54,140.30.20.2,0.0.0.0,456,456,587,60198,6,0,18,0,0,0,0
1705046719,368643,8605876,140.30.20.1,1,88,8556312,8556312,0,0,140.30.20.3,52.98.163.54,140.30.20.2,65535,456,0,1281,1,192,0,0,0,0,0
1705046719,368643,8605876,140.30.20.1,29,3239,8556288,8566132,0,0,152.148.48.4,52.98.163.54,140.30.20.2,456,456,60198,587,6,0,27,0,0,0,0
1705046719,368643,8605876,140.30.20.1,23,7043,8556336,8566132,0,0,52.98.163.54,140.30.20.2,0.0.0.0,456,456,943,60198,6,0,25,0,0,0,0
1705046719,368643,8605876,140.30.20.1,1,88,8566088,8566088,0,0,140.30.20.3,52.97.173.6,140.30.20.2,65535,456,0,1281,1,192,0,0,0,0,0
1705046719,368643,8605876,140.30.20.1,1,60,8566088,8566088,0,0,52.97.173.6,140.30.20.2,0.0.0.0,456,456,587,38944,6,0,18,0,0,0,0
1705046719,368643,8605876,140.30.20.1,20,6817,8586492,8589040,0,0,52.98.200.198,140.30.20.2,0.0.0.0,456,456,824,57160,6,0,24,0,0,0,0
1705046719,368643,8605876,140.30.20.1,1,60,8586468,8586468,0,0,52.98.200.198,140.30.20.2,0.0.0.0,456,456,587,57160,6,0,18,0,0,0,0
1705046719,368643,8605876,140.30.20.1,1,88,8586468,8586468,0,0,140.30.20.3,52.98.200.198,140.30.20.2,65535,456,0,1281,1,192,0,0,0,0,0
1705046719,368643,8605876,140.30.20.1,21,2787,8586444,8589040,0,0,152.148.48.4,52.98.200.198,140.30.20.2,456,456,57160,587,6,0,26,0,0,0,0
1705046719,368643,8605876,140.30.20.1,24,6988,8566112,8586268,0,0,52.97.173.6,140.30.20.2,0.0.0.0,456,456,815,38944,6,0,25,0,0,0,0
1705046719,368643,8605876,140.30.20.1,28,3187,8566064,8586272,0,0,152.148.48.4,52.97.173.6,140.30.20.2,456,456,38944,587,6,0,27,0,0,0,0
1705046785,695405,8672208,140.30.20.1,3,156,8606032,8610380,0,0,52.98.200.198,140.30.20.2,0.0.0.0,456,456,824,57160,6,0,17,0,0,0,0
1705046785,695405,8672208,140.30.20.1,5,300,8571904,8610376,0,0,152.148.48.6,52.98.200.198,140.30.20.2,456,456,55218,465,6,0,2,0,0,0,0
1705046785,695405,8672208,140.30.20.1,1,80,8610380,8610380,0,0,140.30.20.3,52.98.200.198,140.30.20.2,65535,456,0,1281,1,192,0,0,0,0,0
1705046785,695405,8672208,140.30.20.1,3,156,8606004,8610380,0,0,152.148.48.4,52.98.200.198,140.30.20.2,456,456,57160,587,6,0,17,0,0,0,0
1705046785,695405,8672208,140.30.20.1,5,300,8571920,8610380,0,0,152.148.48.5,52.98.200.198,140.30.20.2,456,456,59560,465,6,0,2,0,0,0,0
1705046785,695405,8672208,140.30.20.1,1,88,8605972,8605972,0,0,140.30.20.3,52.98.200.230,140.30.20.2,65535,456,0,1281,1,192,0,0,0,0,0
1705046785,695405,8672208,140.30.20.1,5,300,8571908,8610376,0,0,152.148.48.6,52.98.163.38,140.30.20.2,456,456,37646,465,6,0,2,0,0,0,0
1705046785,695405,8672208,140.30.20.1,1,60,8605972,8605972,0,0,52.98.200.230,140.30.20.2,0.0.0.0,456,456,587,51920,6,0,18,0,0,0,0
1705046785,695405,8672208,140.30.20.1,5,300,8571920,8610376,0,0,152.148.48.5,52.98.200.198,140.30.20.2,456,456,59576,465,6,0,2,0,0,0,0
1705046785,695405,8672208,140.30.20.1,5,300,8571920,8610380,0,0,152.148.48.4,52.98.200.198,140.30.20.2,456,456,52584,465,6,0,2,0,0,0,0
1705046785,695405,8672208,140.30.20.1,32,3423,8605936,8625996,0,0,152.148.48.4,52.98.200.230,140.30.20.2,456,456,51920,587,6,0,27,0,0,0,0
1705046785,695405,8672208,140.30.20.1,1,60,8625952,8625952,0,0,52.97.168.198,140.30.20.2,0.0.0.0,456,456,587,33216,6,0,18,0,0,0,0
1705046785,695405,8672208,140.30.20.1,1,88,8625952,8625952,0,0,140.30.20.3,52.97.168.198,140.30.20.2,65535,456,0,1281,1,192,0,0,0,0,0
1705046785,695405,8672208,140.30.20.1,25,7188,8606004,8625992,0,0,52.98.200.230,140.30.20.2,0.0.0.0,456,456,732,51920,6,0,25,0,0,0,0
1705046785,695405,8672208,140.30.20.1,25,3019,8625928,8632964,0,0,152.148.48.4,52.97.168.198,140.30.20.2,456,456,33216,587,6,0,26,0,0,0,0
1705046785,695405,8672208,140.30.20.1,1,60,8630972,8630972,0,0,152.148.48.6,52.98.200.198,140.30.20.2,456,456,55218,465,6,0,2,0,0,0,0
1705046785,695405,8672208,140.30.20.1,1,60,8630968,8630968,0,0,152.148.48.5,52.98.200.198,140.30.20.2,456,456,59560,465,6,0,2,0,0,0,0
1705046785,695405,8672208,140.30.20.1,20,6721,8625972,8632960,0,0,52.97.168.198,140.30.20.2,0.0.0.0,456,456,709,33216,6,0,24,0,0,0,0
1705046785,695405,8672208,140.30.20.1,1,60,8630972,8630972,0,0,152.148.48.6,52.98.163.38,140.30.20.2,456,456,37646,465,6,0,2,0,0,0,0
1705046785,695405,8672208,140.30.20.1,1,60,8630972,8630972,0,0,152.148.48.5,52.98.200.198,140.30.20.2,456,456,59576,465,6,0,2,0,0,0,0
1705046785,695405,8672208,140.30.20.1,1,60,8630968,8630968,0,0,152.148.48.4,52.98.200.198,140.30.20.2,456,456,52584,465,6,0,2,0,0,0,0
1705046821,298725,8707808,140.30.20.1,1,60,8663916,8663916,0,0,152.148.48.6,52.98.200.198,140.30.20.2,456,456,55218,465,6,0,2,0,0,0,0
1705046821,298725,8707808,140.30.20.1,1,60,8663916,8663916,0,0,152.148.48.5,52.98.200.198,140.30.20.2,456,456,59560,465,6,0,2,0,0,0,0
1705046821,298725,8707808,140.30.20.1,1,60,8663916,8663916,0,0,152.148.48.6,52.98.163.38,140.30.20.2,456,456,37646,465,6,0,2,0,0,0,0
1705046821,298725,8707808,140.30.20.1,1,60,8663916,8663916,0,0,152.148.48.5,52.98.200.198,140.30.20.2,456,456,59576,465,6,0,2,0,0,0,0
1705046821,298725,8707808,140.30.20.1,1,60,8663916,8663916,0,0,152.148.48.4,52.98.200.198,140.30.20.2,456,456,52584,465,6,0,2,0,0,0,0
1705046821,298725,8707808,140.30.20.1,3,168,8663916,8664068,0,0,152.148.48.4,52.97.168.198,140.30.20.2,456,456,33216,587,6,0,17,0,0,0,0
1705046821,298725,8707808,140.30.20.1,3,145,8663916,8664064,0,0,52.97.168.198,140.30.20.2,0.0.0.0,456,456,709,33216,6,0,17,0,0,0,0
1705046821,298725,8707808,140.30.20.1,1,80,8664044,8664044,0,0,140.30.20.3,152.148.48.4,140.30.20.2,65535,456,0,1281,1,192,0,0,0,0,0
1705046821,298725,8707808,140.30.20.1,1,60,8675888,8675888,0,0,52.97.173.22,140.30.20.2,0.0.0.0,456,456,587,53512,6,0,18,0,0,0,0
1705046821,298725,8707808,140.30.20.1,1,88,8675888,8675888,0,0,140.30.20.3,52.97.173.22,140.30.20.2,65535,456,0,1281,1,192,0,0,0,0,0
1705046915,857200,8802368,140.30.20.1,1,60,8701424,8701424,0,0,52.97.173.6,140.30.20.2,0.0.0.0,456,456,587,53508,6,0,18,0,0,0,0
1705046915,857200,8802368,140.30.20.1,25,7994,8675908,8701472,0,0,52.97.173.22,140.30.20.2,0.0.0.0,456,456,660,53512,6,0,25,0,0,0,0
1705046915,857200,8802368,140.30.20.1,36,3875,8672316,8701472,0,0,152.148.48.4,52.97.173.22,140.30.20.2,456,456,53512,587,6,0,27,0,0,0,0
1705046915,857200,8802368,140.30.20.1,20,6817,8701448,8712788,0,0,52.97.173.6,140.30.20.2,0.0.0.0,456,456,824,53508,6,0,25,0,0,0,0
1705046915,857200,8802368,140.30.20.1,2,176,8701424,8712744,0,0,140.30.20.3,52.97.173.6,140.30.20.2,65535,456,0,1281,1,192,0,0,0,0,0
1705046915,857200,8802368,140.30.20.1,1,60,8712744,8712744,0,0,52.97.173.6,140.30.20.2,0.0.0.0,456,456,587,47726,6,0,18,0,0,0,0
1705046915,857200,8802368,140.30.20.1,25,2995,8701404,8712788,0,0,152.148.48.4,52.97.173.6,140.30.20.2,456,456,53508,587,6,0,27,0,0,0,0
1705046915,857200,8802368,140.30.20.1,1,88,8724192,8724192,0,0,140.30.20.3,40.101.92.198,140.30.20.2,65535,456,0,1281,1,192,0,0,0,0,0
1705046915,857200,8802368,140.30.20.1,24,6586,8712764,8733580,0,0,52.97.173.6,140.30.20.2,0.0.0.0,456,456,930,47726,6,0,25,0,0,0,0
1705046915,857200,8802368,140.30.20.1,29,3233,8712724,8733580,0,0,152.148.48.4,52.97.173.6,140.30.20.2,456,456,47726,587,6,0,27,0,0,0,0
1705046915,857200,8802368,140.30.20.1,1,60,8724192,8724192,0,0,40.101.92.198,140.30.20.2,0.0.0.0,456,456,587,58008,6,0,18,0,0,0,0
1705046915,857200,8802368,140.30.20.1,23,6586,8724732,8750444,0,0,40.101.92.198,140.30.20.2,0.0.0.0,456,456,759,58008,6,0,25,0,0,0,0
1705046915,857200,8802368,140.30.20.1,2,120,8749300,8750324,0,0,52.98.163.54,140.30.20.2,0.0.0.0,456,456,587,56982,6,0,18,0,0,0,0
1705046915,857200,8802368,140.30.20.1,33,3485,8724084,8750444,0,0,152.148.48.4,40.101.92.198,140.30.20.2,456,456,58008,587,6,0,27,0,0,0,0
1705046915,857200,8802368,140.30.20.1,2,176,8749300,8750324,0,0,140.30.20.3,52.98.163.54,140.30.20.2,65535,456,0,1281,1,192,0,0,0,0,0
1705046915,857200,8802368,140.30.20.1,18,6381,8750416,8767772,0,0,52.98.163.54,140.30.20.2,0.0.0.0,456,456,759,56982,6,0,25,0,0,0,0
1705046915,857200,8802368,140.30.20.1,5,300,8733696,8766644,0,0,152.148.48.4,52.98.200.246,140.30.20.2,456,456,35482,465,6,0,2,0,0,0,0
1705046915,857200,8802368,140.30.20.1,26,3023,8749292,8767772,0,0,152.148.48.4,52.98.163.54,140.30.20.2,456,456,56982,587,6,0,27,0,0,0,0
1705046915,857200,8802368,140.30.20.1,5,300,8733604,8766644,0,0,152.148.48.6,52.97.168.198,140.30.20.2,456,456,45078,465,6,0,2,0,0,0,0
1705046915,857200,8802368,140.30.20.1,1,88,8770848,8770848,0,0,140.30.20.3,40.101.93.230,140.30.20.2,65535,456,0,1281,1,192,0,0,0,0,0
1705046915,857200,8802368,140.30.20.1,1,60,8770848,8770848,0,0,40.101.93.230,140.30.20.2,0.0.0.0,456,456,587,45512,6,0,18,0,0,0,0
1705046915,857200,8802368,140.30.20.1,5,300,8733596,8766644,0,0,152.148.48.5,52.98.200.246,140.30.20.2,456,456,44546,465,6,0,2,0,0,0,0
1705046915,857200,8802368,140.30.20.1,5,300,8733600,8766644,0,0,152.148.48.6,52.98.200.246,140.30.20.2,456,456,57560,465,6,0,2,0,0,0,0
1705046915,857200,8802368,140.30.20.1,5,300,8733596,8766644,0,0,152.148.48.5,52.98.200.246,140.30.20.2,456,456,44552,465,6,0,2,0,0,0,0
1705046915,857200,8802368,140.30.20.1,25,3054,8770772,8773384,0,0,152.148.48.4,40.101.93.230,140.30.20.2,456,456,45512,587,6,0,26,0,0,0,0
1705046915,857200,8802368,140.30.20.1,18,6307,8770988,8773200,0,0,40.101.93.230,140.30.20.2,0.0.0.0,456,456,761,45512,6,0,24,0,0,0,0
1705046915,857200,8802368,140.30.20.1,1,60,8786540,8786540,0,0,152.148.48.4,52.98.200.246,140.30.20.2,456,456,35482,465,6,0,2,0,0,0,0
1705046915,857200,8802368,140.30.20.1,1,60,8786540,8786540,0,0,152.148.48.6,52.97.168.198,140.30.20.2,456,456,45078,465,6,0,2,0,0,0,0
1705046915,857200,8802368,140.30.20.1,1,60,8786540,8786540,0,0,152.148.48.5,52.98.200.246,140.30.20.2,456,456,44546,465,6,0,2,0,0,0,0
1705046915,857200,8802368,140.30.20.1,1,60,8786540,8786540,0,0,152.148.48.6,52.98.200.246,140.30.20.2,456,456,57560,465,6,0,2,0,0,0,0
1705046981,743518,8868256,140.30.20.1,1,60,8786540,8786540,0,0,152.148.48.5,52.98.200.246,140.30.20.2,456,456,44552,465,6,0,2,0,0,0,0
1705046981,743518,8868256,140.30.20.1,1,60,8797184,8797184,0,0,40.101.92.182,140.30.20.2,0.0.0.0,456,456,587,60200,6,0,18,0,0,0,0
1705046981,743518,8868256,140.30.20.1,2,104,8797364,8797372,0,0,152.148.48.4,40.101.93.230,140.30.20.2,456,456,45512,587,6,0,17,0,0,0,0
1705046981,743518,8868256,140.30.20.1,2,104,8797372,8797372,0,0,40.101.93.230,140.30.20.2,0.0.0.0,456,456,761,45512,6,0,17,0,0,0,0
1705046981,743518,8868256,140.30.20.1,1,88,8797184,8797184,0,0,140.30.20.3,40.101.92.182,140.30.20.2,65535,456,0,1281,1,192,0,0,0,0,0
1705046981,743518,8868256,140.30.20.1,17,6428,8797196,8799040,0,0,40.101.92.182,140.30.20.2,0.0.0.0,456,456,653,60200,6,0,24,0,0,0,0
1705046981,743518,8868256,140.30.20.1,22,2827,8797172,8799040,0,0,152.148.48.4,40.101.92.182,140.30.20.2,456,456,60200,587,6,0,26,0,0,0,0
1705046981,743518,8868256,140.30.20.1,1,60,8816332,8816332,0,0,52.98.159.6,140.30.20.2,0.0.0.0,456,456,587,60714,6,0,18,0,0,0,0
1705046981,743518,8868256,140.30.20.1,2,104,8816380,8816380,0,0,40.101.92.182,140.30.20.2,0.0.0.0,456,456,653,60200,6,0,17,0,0,0,0
1705046981,743518,8868256,140.30.20.1,2,104,8816356,8816380,0,0,152.148.48.4,40.101.92.182,140.30.20.2,456,456,60200,587,6,0,17,0,0,0,0
1705046981,743518,8868256,140.30.20.1,1,88,8816332,8816332,0,0,140.30.20.3,52.98.159.6,140.30.20.2,65535,456,0,1281,1,192,0,0,0,0,0
1705046981,743518,8868256,140.30.20.1,1,60,8826312,8826312,0,0,152.148.48.4,52.98.200.246,140.30.20.2,456,456,35482,465,6,0,2,0,0,0,0
1705046981,743518,8868256,140.30.20.1,1,88,8826520,8826520,0,0,140.30.20.3,40.101.92.6,140.30.20.2,65535,456,0,1281,1,192,0,0,0,0,0
1705046981,743518,8868256,140.30.20.1,26,3047,8812468,8826568,0,0,152.148.48.4,52.98.159.6,140.30.20.2,456,456,60714,587,6,0,27,0,0,0,0
1705046981,743518,8868256,140.30.20.1,1,60,8826312,8826312,0,0,152.148.48.6,52.97.168.198,140.30.20.2,456,456,45078,465,6,0,2,0,0,0,0
1705046981,743518,8868256,140.30.20.1,20,6710,8816356,8826568,0,0,52.98.159.6,140.30.20.2,0.0.0.0,456,456,744,60714,6,0,25,0,0,0,0
1705046981,743518,8868256,140.30.20.1,1,60,8826312,8826312,0,0,152.148.48.5,52.98.200.246,140.30.20.2,456,456,44546,465,6,0,2,0,0,0,0
1705046981,743518,8868256,140.30.20.1,1,60,8826312,8826312,0,0,152.148.48.6,52.98.200.246,140.30.20.2,456,456,57560,465,6,0,2,0,0,0,0
1705046981,743518,8868256,140.30.20.1,1,60,8826312,8826312,0,0,152.148.48.5,52.98.200.246,140.30.20.2,456,456,44552,465,6,0,2,0,0,0,0
1705046981,743518,8868256,140.30.20.1,1,60,8826520,8826520,0,0,40.101.92.6,140.30.20.2,0.0.0.0,456,456,587,34782,6,0,18,0,0,0,0
1705046981,743518,8868256,140.30.20.1,18,6274,8826544,8834772,0,0,40.101.92.6,140.30.20.2,0.0.0.0,456,456,878,34782,6,0,25,0,0,0,0
1705046981,743518,8868256,140.30.20.1,24,2919,8826500,8834772,0,0,152.148.48.4,40.101.92.6,140.30.20.2,456,456,34782,587,6,0,27,0,0,0,0
1705046981,743518,8868256,140.30.20.1,1,88,8834720,8834720,0,0,140.30.20.3,52.97.168.214,140.30.20.2,65535,456,0,1281,1,192,0,0,0,0,0
1705046981,743518,8868256,140.30.20.1,1,60,8834720,8834720,0,0,52.97.168.214,140.30.20.2,0.0.0.0,456,456,587,48552,6,0,18,0,0,0,0
1705046981,743518,8868256,140.30.20.1,18,6274,8834744,8843592,0,0,52.97.168.214,140.30.20.2,0.0.0.0,456,456,709,48552,6,0,25,0,0,0,0
1705046981,743518,8868256,140.30.20.1,24,2919,8834504,8843592,0,0,152.148.48.4,52.97.168.214,140.30.20.2,456,456,48552,587,6,0,27,0,0,0,0
1705046981,743518,8868256,140.30.20.1,1,88,8843960,8843960,0,0,140.30.20.3,52.97.173.6,140.30.20.2,65535,456,0,1281,1,192,0,0,0,0,0
1705046981,743518,8868256,140.30.20.1,1,60,8843960,8843960,0,0,52.97.173.6,140.30.20.2,0.0.0.0,456,456,587,59772,6,0,18,0,0,0,0
1705046981,743518,8868256,140.30.20.1,1,60,8853224,8853224,0,0,52.98.200.182,140.30.20.2,0.0.0.0,456,456,587,54170,6,0,18,0,0,0,0
1705046981,743518,8868256,140.30.20.1,1,88,8853224,8853224,0,0,140.30.20.3,52.98.200.182,140.30.20.2,65535,456,0,1281,1,192,0,0,0,0,0
1705047063,765977,8950272,140.30.20.1,22,2827,8843936,8853268,0,0,152.148.48.4,52.97.173.6,140.30.20.2,456,456,59772,587,6,0,27,0,0,0,0
1705047063,765977,8950272,140.30.20.1,19,6599,8843984,8853268,0,0,52.97.173.6,140.30.20.2,0.0.0.0,456,456,798,59772,6,0,25,0,0,0,0
1705047063,765977,8950272,140.30.20.1,1,60,8868080,8868080,0,0,52.98.159.6,140.30.20.2,0.0.0.0,456,456,587,40962,6,0,18,0,0,0,0
1705047063,765977,8950272,140.30.20.1,25,2983,8853200,8868132,0,0,152.148.48.4,52.98.200.182,140.30.20.2,456,456,54170,587,6,0,27,0,0,0,0
1705047063,765977,8950272,140.30.20.1,19,6492,8853244,8868132,0,0,52.98.200.182,140.30.20.2,0.0.0.0,456,456,675,54170,6,0,25,0,0,0,0
1705047063,765977,8950272,140.30.20.1,1,88,8868080,8868080,0,0,140.30.20.3,52.98.159.6,140.30.20.2,65535,456,0,1281,1,192,0,0,0,0,0
1705047063,765977,8950272,140.30.20.1,19,6599,8868128,8880172,0,0,52.98.159.6,140.30.20.2,0.0.0.0,456,456,938,40962,6,0,25,0,0,0,0
1705047063,765977,8950272,140.30.20.1,1,60,8880124,8880124,0,0,52.97.168.214,140.30.20.2,0.0.0.0,456,456,587,47172,6,0,18,0,0,0,0
1705047063,765977,8950272,140.30.20.1,23,2879,8868080,8880172,0,0,152.148.48.4,52.98.159.6,140.30.20.2,456,456,40962,587,6,0,27,0,0,0,0
1705047063,765977,8950272,140.30.20.1,1,88,8880124,8880124,0,0,140.30.20.3,52.97.168.214,140.30.20.2,65535,456,0,1281,1,192,0,0,0,0,0
1705047063,765977,8950272,140.30.20.1,21,2751,8880104,8889248,0,0,152.148.48.4,52.97.168.214,140.30.20.2,456,456,47172,587,6,0,27,0,0,0,0
1705047063,765977,8950272,140.30.20.1,1,60,8889200,8889200,0,0,52.98.163.54,140.30.20.2,0.0.0.0,456,456,587,38524,6,0,18,0,0,0,0
1705047063,765977,8950272,140.30.20.1,1,88,8889200,8889200,0,0,140.30.20.3,52.98.163.54,140.30.20.2,65535,456,0,1281,1,192,0,0,0,0,0
1705047063,765977,8950272,140.30.20.1,17,6163,8880148,8889244,0,0,52.97.168.214,140.30.20.2,0.0.0.0,456,456,1020,47172,6,0,25,0,0,0,0
1705047063,765977,8950272,140.30.20.1,1,88,8904452,8904452,0,0,140.30.20.3,52.98.200.246,140.30.20.2,65535,456,0,1281,1,192,0,0,0,0,0
1705047063,765977,8950272,140.30.20.1,20,6544,8889220,8904272,0,0,52.98.163.54,140.30.20.2,0.0.0.0,456,456,749,38524,6,0,25,0,0,0,0
1705047063,765977,8950272,140.30.20.1,1,60,8904452,8904452,0,0,52.98.200.246,140.30.20.2,0.0.0.0,456,456,587,45678,6,0,18,0,0,0,0
1705047063,765977,8950272,140.30.20.1,24,2931,8889176,8904276,0,0,152.148.48.4,52.98.163.54,140.30.20.2,456,456,38524,587,6,0,27,0,0,0,0
1705047063,765977,8950272,140.30.20.1,21,2751,8904432,8918956,0,0,152.148.48.4,52.98.200.246,140.30.20.2,456,456,45678,587,6,0,27,0,0,0,0
1705047063,765977,8950272,140.30.20.1,17,6163,8904476,8918956,0,0,52.98.200.246,140.30.20.2,0.0.0.0,456,456,938,45678,6,0,25,0,0,0,0
1705047063,765977,8950272,140.30.20.1,1,88,8918908,8918908,0,0,140.30.20.3,40.101.92.22,140.30.20.2,65535,456,0,1281,1,192,0,0,0,0,0
1705047063,765977,8950272,140.30.20.1,1,60,8918908,8918908,0,0,40.101.92.22,140.30.20.2,0.0.0.0,456,456,587,41586,6,0,18,0,0,0,0
1705047063,765977,8950272,140.30.20.1,5,300,8890700,8927004,0,0,152.148.48.5,52.98.200.230,140.30.20.2,456,456,40960,465,6,0,2,0,0,0,0
1705047063,765977,8950272,140.30.20.1,5,300,8890700,8927004,0,0,152.148.48.6,52.98.200.230,140.30.20.2,456,456,59268,465,6,0,2,0,0,0,0
1705047063,765977,8950272,140.30.20.1,1,88,8929028,8929028,0,0,140.30.20.3,40.101.92.198,140.30.20.2,65535,456,0,1281,1,192,0,0,0,0,0
1705047063,765977,8950272,140.30.20.1,18,6274,8918932,8929076,0,0,40.101.92.22,140.30.20.2,0.0.0.0,456,456,941,41586,6,0,25,0,0,0,0
1705047063,765977,8950272,140.30.20.1,5,300,8890700,8927000,0,0,152.148.48.5,52.98.200.230,140.30.20.2,456,456,40970,465,6,0,2,0,0,0,0
1705047063,765977,8950272,140.30.20.1,5,300,8890704,8927004,0,0,152.148.48.6,40.101.92.22,140.30.20.2,456,456,54446,465,6,0,2,0,0,0,0
1705047063,765977,8950272,140.30.20.1,2,120,8929028,8929032,0,0,40.101.92.198,140.30.20.2,0.0.0.0,456,456,587,36078,6,0,18,0,0,0,0
1705047063,765977,8950272,140.30.20.1,25,2971,8918884,8929076,0,0,152.148.48.4,40.101.92.22,140.30.20.2,456,456,41586,587,6,0,27,0,0,0,0
1705047123,190852,9009700,140.30.20.1,5,300,8890708,8927000,0,0,152.148.48.4,52.98.200.230,140.30.20.2,456,456,51018,465,6,0,2,0,0,0,0
1705047123,190852,9009700,140.30.20.1,1,60,8936104,8936104,0,0,52.98.159.22,140.30.20.2,0.0.0.0,456,456,587,48952,6,0,18,0,0,0,0
1705047123,190852,9009700,140.30.20.1,1,88,8936104,8936104,0,0,140.30.20.3,52.98.159.22,140.30.20.2,65535,456,0,1281,1,192,0,0,0,0,0
1705047123,190852,9009700,140.30.20.1,23,2863,8928004,8936152,0,0,152.148.48.4,40.101.92.198,140.30.20.2,456,456,36078,587,6,0,27,0,0,0,0
1705047123,190852,9009700,140.30.20.1,18,6215,8929052,8936152,0,0,40.101.92.198,140.30.20.2,0.0.0.0,456,456,820,36078,6,0,25,0,0,0,0
1705047123,190852,9009700,140.30.20.1,1,60,8950280,8950280,0,0,152.148.48.5,52.98.200.230,140.30.20.2,456,456,40960,465,6,0,2,0,0,0,0
1705047123,190852,9009700,140.30.20.1,1,60,8950280,8950280,0,0,152.148.48.6,52.98.200.230,140.30.20.2,456,456,59268,465,6,0,2,0,0,0,0
1705047123,190852,9009700,140.30.20.1,16,6277,8950380,8951708,0,0,52.98.200.182,140.30.20.2,0.0.0.0,456,456,830,49134,6,0,24,0,0,0,0
1705047123,190852,9009700,140.30.20.1,1,60,8950280,8950280,0,0,152.148.48.5,52.98.200.230,140.30.20.2,456,456,40970,465,6,0,2,0,0,0,0
1705047123,190852,9009700,140.30.20.1,1,60,8950356,8950356,0,0,52.98.200.182,140.30.20.2,0.0.0.0,456,456,587,49134,6,0,18,0,0,0,0
1705047123,190852,9009700,140.30.20.1,1,60,8950280,8950280,0,0,152.148.48.6,40.101.92.22,140.30.20.2,456,456,54446,465,6,0,2,0,0,0,0
1705047123,190852,9009700,140.30.20.1,1,88,8950356,8950356,0,0,140.30.20.3,52.98.200.182,140.30.20.2,65535,456,0,1281,1,192,0,0,0,0,0
1705047123,190852,9009700,140.30.20.1,17,6163,8936128,8950400,0,0,52.98.159.22,140.30.20.2,0.0.0.0,456,456,927,48952,6,0,25,0,0,0,0
1705047123,190852,9009700,140.30.20.1,19,2659,8950324,8951708,0,0,152.148.48.4,52.98.200.182,140.30.20.2,456,456,49134,587,6,0,26,0,0,0,0
1705047123,190852,9009700,140.30.20.1,21,2751,8936080,8950400,0,0,152.148.48.4,52.98.159.22,140.30.20.2,456,456,48952,587,6,0,27,0,0,0,0
1705047123,190852,9009700,140.30.20.1,1,60,8950280,8950280,0,0,152.148.48.4,52.98.200.230,140.30.20.2,456,456,51018,465,6,0,2,0,0,0,0
1705047123,190852,9009700,140.30.20.1,2,104,8970296,8970296,0,0,52.98.200.182,140.30.20.2,0.0.0.0,456,456,830,49134,6,0,17,0,0,0,0
1705047123,190852,9009700,140.30.20.1,1,60,8970524,8970524,0,0,52.98.159.22,140.30.20.2,0.0.0.0,456,456,587,40550,6,0,18,0,0,0,0
1705047123,190852,9009700,140.30.20.1,2,104,8970284,8970296,0,0,152.148.48.4,52.98.200.182,140.30.20.2,456,456,49134,587,6,0,17,0,0,0,0
1705047123,190852,9009700,140.30.20.1,1,88,8970524,8970524,0,0,140.30.20.3,52.98.159.22,140.30.20.2,65535,456,0,1281,1,192,0,0,0,0,0
1705047123,190852,9009700,140.30.20.1,20,2699,8980028,8981836,0,0,152.148.48.4,52.98.163.38,140.30.20.2,456,456,46080,587,6,0,26,0,0,0,0
1705047123,190852,9009700,140.30.20.1,22,2815,8970500,8980200,0,0,152.148.48.4,52.98.159.22,140.30.20.2,456,456,40550,587,6,0,27,0,0,0,0
1705047123,190852,9009700,140.30.20.1,16,6111,8980176,8981784,0,0,52.98.163.38,140.30.20.2,0.0.0.0,456,456,850,46080,6,0,24,0,0,0,0
1705047123,190852,9009700,140.30.20.1,18,6381,8970544,8980200,0,0,52.98.159.22,140.30.20.2,0.0.0.0,456,456,944,40550,6,0,25,0,0,0,0
1705047123,190852,9009700,140.30.20.1,1,60,8980064,8980064,0,0,52.98.163.38,140.30.20.2,0.0.0.0,456,456,587,46080,6,0,18,0,0,0,0
1705047123,190852,9009700,140.30.20.1,1,88,8980064,8980064,0,0,140.30.20.3,52.98.163.38,140.30.20.2,65535,456,0,1281,1,192,0,0,0,0,0
1705047123,190852,9009700,140.30.20.1,1,60,8984928,8984928,0,0,152.148.48.5,52.98.200.230,140.30.20.2,456,456,40960,465,6,0,2,0,0,0,0
1705047123,190852,9009700,140.30.20.1,1,60,8984928,8984928,0,0,152.148.48.6,52.98.200.230,140.30.20.2,456,456,59268,465,6,0,2,0,0,0,0
1705047123,190852,9009700,140.30.20.1,1,60,8984920,8984920,0,0,152.148.48.5,52.98.200.230,140.30.20.2,456,456,40970,465,6,0,2,0,0,0,0
1705047123,190852,9009700,140.30.20.1,1,60,8984928,8984928,0,0,152.148.48.6,40.101.92.22,140.30.20.2,456,456,54446,465,6,0,2,0,0,0,0
1705047176,17934,9062528,140.30.20.1,1,60,8984920,8984920,0,0,152.148.48.4,52.98.200.230,140.30.20.2,456,456,51018,465,6,0,2,0,0,0,0
1705047176,17934,9062528,140.30.20.1,2,104,8998364,8998384,0,0,152.148.48.4,52.98.163.38,140.30.20.2,456,456,46080,587,6,0,17,0,0,0,0
1705047176,17934,9062528,140.30.20.1,2,104,8998384,8998384,0,0,52.98.163.38,140.30.20.2,0.0.0.0,456,456,850,46080,6,0,17,0,0,0,0
1705047176,17934,9062528,140.30.20.1,1,60,8998336,8998336,0,0,52.98.159.22,140.30.20.2,0.0.0.0,456,456,587,33820,6,0,18,0,0,0,0
1705047176,17934,9062528,140.30.20.1,1,88,8998336,8998336,0,0,140.30.20.3,52.98.159.22,140.30.20.2,65535,456,0,1281,1,192,0,0,0,0,0
1705047176,17934,9062528,140.30.20.1,17,6163,8998360,9009900,0,0,52.98.159.22,140.30.20.2,0.0.0.0,456,456,812,33820,6,0,25,0,0,0,0
1705047176,17934,9062528,140.30.20.1,21,2751,8998312,9009900,0,0,152.148.48.4,52.98.159.22,140.30.20.2,456,456,33820,587,6,0,27,0,0,0,0
1705047176,17934,9062528,140.30.20.1,1,88,9009848,9009848,0,0,140.30.20.3,52.97.173.22,140.30.20.2,65535,456,0,1281,1,192,0,0,0,0,0
1705047176,17934,9062528,140.30.20.1,1,60,9009848,9009848,0,0,52.97.173.22,140.30.20.2,0.0.0.0,456,456,587,52544,6,0,18,0,0,0,0
1705047176,17934,9062528,140.30.20.1,1,60,9020268,9020268,0,0,52.98.200.150,140.30.20.2,0.0.0.0,456,456,587,47196,6,0,18,0,0,0,0
1705047176,17934,9062528,140.30.20.1,24,2919,9009824,9020312,0,0,152.148.48.4,52.97.173.22,140.30.20.2,456,456,52544,587,6,0,27,0,0,0,0
1705047176,17934,9062528,140.30.20.1,1,88,9020268,9020268,0,0,140.30.20.3,52.98.200.150,140.30.20.2,65535,456,0,1281,1,192,0,0,0,0,0
1705047176,17934,9062528,140.30.20.1,18,6274,9009872,9020312,0,0,52.97.173.22,140.30.20.2,0.0.0.0,456,456,893,52544,6,0,25,0,0,0,0
1705047176,17934,9062528,140.30.20.1,1,60,9032168,9032168,0,0,52.98.200.230,140.30.20.2,0.0.0.0,456,456,587,41780,6,0,18,0,0,0,0
1705047176,17934,9062528,140.30.20.1,1,88,9032168,9032168,0,0,140.30.20.3,52.98.200.230,140.30.20.2,65535,456,0,1281,1,192,0,0,0,0,0
1705047176,17934,9062528,140.30.20.1,24,2919,9020240,9032132,0,0,152.148.48.4,52.98.200.150,140.30.20.2,456,456,47196,587,6,0,27,0,0,0,0
1705047176,17934,9062528,140.30.20.1,18,6274,9020288,9032132,0,0,52.98.200.150,140.30.20.2,0.0.0.0,456,456,890,47196,6,0,25,0,0,0,0
1705047188,227594,9074736,140.30.20.1,1,60,9047588,9047588,0,0,52.98.200.214,140.30.20.2,0.0.0.0,456,456,587,47094,6,0,18,0,0,0,0
1705047188,227594,9074736,140.30.20.1,1,88,9047588,9047588,0,0,140.30.20.3,52.98.200.214,140.30.20.2,65535,456,0,1281,1,192,0,0,0,0,0
1705047188,227594,9074736,140.30.20.1,21,2763,9032168,9047636,0,0,152.148.48.4,52.98.200.230,140.30.20.2,456,456,41780,587,6,0,27,0,0,0,0
1705047188,227594,9074736,140.30.20.1,18,6381,9032212,9047636,0,0,52.98.200.230,140.30.20.2,0.0.0.0,456,456,637,41780,6,0,25,0,0,0,0
1705047188,227594,9074736,140.30.20.1,22,6673,9051036,9053564,0,0,52.97.168.214,140.30.20.2,0.0.0.0,456,456,866,59804,6,0,25,0,0,0,0
1705047188,227594,9074736,140.30.20.1,1,60,9050948,9050948,0,0,52.97.168.214,140.30.20.2,0.0.0.0,456,456,587,46022,6,0,18,0,0,0,0
1705047188,227594,9074736,140.30.20.1,28,3189,9050972,9053568,0,0,152.148.48.6,52.97.168.214,140.30.20.2,456,456,59804,587,6,0,27,0,0,0,0
1705047188,227594,9074736,140.30.20.1,32,3944,9050928,9053696,0,0,152.148.48.4,52.97.168.214,140.30.20.2,456,456,46022,587,6,0,27,0,0,0,0
1705047188,227594,9074736,140.30.20.1,30,3288,9051000,9058628,0,0,152.148.48.6,52.97.168.214,140.30.20.2,456,456,59810,587,6,0,27,0,0,0,0
1705047188,227594,9074736,140.30.20.1,1,60,9053564,9053564,0,0,52.97.168.214,140.30.20.2,0.0.0.0,456,456,587,51898,6,0,18,0,0,0,0
1705047188,227594,9074736,140.30.20.1,18,6460,9053588,9054972,0,0,52.97.168.214,140.30.20.2,0.0.0.0,456,456,799,51898,6,0,25,0,0,0,0
1705047188,227594,9074736,140.30.20.1,23,6775,9051052,9058628,0,0,52.97.168.214,140.30.20.2,0.0.0.0,456,456,824,59810,6,0,25,0,0,0,0
1705047188,227594,9074736,140.30.20.1,20,6571,9047612,9055468,0,0,52.98.200.214,140.30.20.2,0.0.0.0,456,456,753,47094,6,0,25,0,0,0,0
1705047188,227594,9074736,140.30.20.1,1,60,9051036,9051036,0,0,52.97.168.214,140.30.20.2,0.0.0.0,456,456,587,59810,6,0,18,0,0,0,0
1705047188,227594,9074736,140.30.20.1,1,60,9053568,9053568,0,0,52.97.168.214,140.30.20.2,0.0.0.0,456,456,587,59822,6,0,18,0,0,0,0
1705047188,227594,9074736,140.30.20.1,1,60,9055112,9055112,0,0,52.97.168.214,140.30.20.2,0.0.0.0,456,456,587,51908,6,0,18,0,0,0,0
1705047188,227594,9074736,140.30.20.1,1,88,9058580,9058580,0,0,140.30.20.3,52.97.168.198,140.30.20.2,65535,456,0,1281,1,192,0,0,0,0,0
1705047188,227594,9074736,140.30.20.1,25,6858,9050976,9053692,0,0,52.97.168.214,140.30.20.2,0.0.0.0,456,456,862,46022,6,0,25,0,0,0,0
1705047188,227594,9074736,140.30.20.1,1,60,9053856,9053856,0,0,52.97.168.214,140.30.20.2,0.0.0.0,456,456,587,46028,6,0,18,0,0,0,0
1705047188,227594,9074736,140.30.20.1,1,60,9050976,9050976,0,0,52.97.168.214,140.30.20.2,0.0.0.0,456,456,587,59804,6,0,18,0,0,0,0
1705047188,227594,9074736,140.30.20.1,1,60,9055420,9055420,0,0,52.97.168.214,140.30.20.2,0.0.0.0,456,456,587,46040,6,0,18,0,0,0,0
1705047188,227594,9074736,140.30.20.1,1,60,9053628,9053628,0,0,52.97.168.214,140.30.20.2,0.0.0.0,456,456,587,51900,6,0,18,0,0,0,0
1705047188,227594,9074736,140.30.20.1,21,2779,9055304,9056232,0,0,152.148.48.4,52.97.168.214,140.30.20.2,456,456,46030,587,6,0,27,0,0,0,0
1705047188,227594,9074736,140.30.20.1,1,60,9056380,9056380,0,0,52.97.168.214,140.30.20.2,0.0.0.0,456,456,587,46050,6,0,18,0,0,0,0
1705047188,227594,9074736,140.30.20.1,1,60,9051308,9051308,0,0,52.97.168.214,140.30.20.2,0.0.0.0,456,456,587,51888,6,0,18,0,0,0,0
1705047188,227594,9074736,140.30.20.1,19,6446,9051332,9053564,0,0,52.97.168.214,140.30.20.2,0.0.0.0,456,456,744,51892,6,0,25,0,0,0,0
1705047188,227594,9074736,140.30.20.1,1,60,9058580,9058580,0,0,52.97.168.198,140.30.20.2,0.0.0.0,456,456,587,59394,6,0,18,0,0,0,0
1705047188,227594,9074736,140.30.20.1,18,6288,9053880,9055172,0,0,52.97.168.214,140.30.20.2,0.0.0.0,456,456,990,46028,6,0,25,0,0,0,0
1705047188,227594,9074736,140.30.20.1,17,6224,9055356,9056228,0,0,52.97.168.214,140.30.20.2,0.0.0.0,456,456,801,46030,6,0,25,0,0,0,0
1705047188,227594,9074736,140.30.20.1,1,88,9050948,9050948,0,0,140.30.20.3,52.97.168.214,140.30.20.2,65535,456,0,1281,1,192,0,0,0,0,0
1705047203,446498,9089956,140.30.20.1,23,2895,9053488,9054972,0,0,152.148.48.5,52.97.168.214,140.30.20.2,456,456,51898,587,6,0,27,0,0,0,0
1705047203,446498,9089956,140.30.20.1,25,3011,9051060,9053568,0,0,152.148.48.5,52.97.168.214,140.30.20.2,456,456,51888,587,6,0,27,0,0,0,0
1705047203,446498,9089956,140.30.20.1,22,2902,9053836,9055172,0,0,152.148.48.4,52.97.168.214,140.30.20.2,456,456,46028,587,6,0,27,0,0,0,0
1705047203,446498,9089956,140.30.20.1,20,6498,9051332,9053564,0,0,52.97.168.214,140.30.20.2,0.0.0.0,456,456,633,51888,6,0,25,0,0,0,0
1705047203,446498,9089956,140.30.20.1,1,60,9051308,9051308,0,0,52.97.168.214,140.30.20.2,0.0.0.0,456,456,587,51892,6,0,18,0,0,0,0
1705047203,446498,9089956,140.30.20.1,1,60,9055328,9055328,0,0,52.97.168.214,140.30.20.2,0.0.0.0,456,456,587,46030,6,0,18,0,0,0,0
1705047203,446498,9089956,140.30.20.1,25,3011,9051096,9053568,0,0,152.148.48.5,52.97.168.214,140.30.20.2,456,456,51892,587,6,0,27,0,0,0,0
1705047203,446498,9089956,140.30.20.1,27,3153,9047568,9055468,0,0,152.148.48.4,52.98.200.214,140.30.20.2,456,456,47094,587,6,0,27,0,0,0,0
1705047203,446498,9089956,140.30.20.1,1,60,9060108,9060108,0,0,52.97.168.198,140.30.20.2,0.0.0.0,456,456,587,59402,6,0,18,0,0,0,0
1705047203,446498,9089956,140.30.20.1,19,6433,9053588,9060188,0,0,52.97.168.214,140.30.20.2,0.0.0.0,456,456,719,59822,6,0,25,0,0,0,0
1705047203,446498,9089956,140.30.20.1,21,2763,9053512,9060188,0,0,152.148.48.6,52.97.168.214,140.30.20.2,456,456,59822,587,6,0,27,0,0,0,0
1705047203,446498,9089956,140.30.20.1,1,60,9060268,9060268,0,0,52.97.168.198,140.30.20.2,0.0.0.0,456,456,587,50320,6,0,18,0,0,0,0
1705047203,446498,9089956,140.30.20.1,24,3100,9053608,9060316,0,0,152.148.48.5,52.97.168.214,140.30.20.2,456,456,51900,587,6,0,27,0,0,0,0
1705047203,446498,9089956,140.30.20.1,19,6403,9053652,9060316,0,0,52.97.168.214,140.30.20.2,0.0.0.0,456,456,670,51900,6,0,25,0,0,0,0
1705047203,446498,9089956,140.30.20.1,1,60,9061416,9061416,0,0,52.97.168.198,140.30.20.2,0.0.0.0,456,456,587,42290,6,0,18,0,0,0,0
1705047203,446498,9089956,140.30.20.1,1,60,9061500,9061500,0,0,52.97.168.198,140.30.20.2,0.0.0.0,456,456,587,37396,6,0,18,0,0,0,0
1705047203,446498,9089956,140.30.20.1,17,6163,9055136,9061464,0,0,52.97.168.214,140.30.20.2,0.0.0.0,456,456,666,51908,6,0,25,0,0,0,0
1705047203,446498,9089956,140.30.20.1,21,2751,9055092,9061464,0,0,152.148.48.5,52.97.168.214,140.30.20.2,456,456,51908,587,6,0,27,0,0,0,0
1705047203,446498,9089956,140.30.20.1,20,6651,9055444,9061556,0,0,52.97.168.214,140.30.20.2,0.0.0.0,456,456,959,46040,6,0,25,0,0,0,0
1705047203,446498,9089956,140.30.20.1,23,2879,9055396,9061556,0,0,152.148.48.4,52.97.168.214,140.30.20.2,456,456,46040,587,6,0,27,0,0,0,0
1705047203,446498,9089956,140.30.20.1,18,6335,9060292,9061680,0,0,52.97.168.198,140.30.20.2,0.0.0.0,456,456,611,50320,6,0,25,0,0,0,0
1705047203,446498,9089956,140.30.20.1,24,2947,9060248,9061680,0,0,152.148.48.5,52.97.168.198,140.30.20.2,456,456,50320,587,6,0,27,0,0,0,0
1705047203,446498,9089956,140.30.20.1,1,60,9061900,9061900,0,0,52.97.168.198,140.30.20.2,0.0.0.0,456,456,587,42300,6,0,18,0,0,0,0
1705047203,446498,9089956,140.30.20.1,21,2779,9061476,9062528,0,0,152.148.48.4,52.97.168.198,140.30.20.2,456,456,37396,587,6,0,27,0,0,0,0
1705047203,446498,9089956,140.30.20.1,17,6224,9061524,9062528,0,0,52.97.168.198,140.30.20.2,0.0.0.0,456,456,868,37396,6,0,25,0,0,0,0
1705047203,446498,9089956,140.30.20.1,1,60,9062760,9062760,0,0,52.97.168.198,140.30.20.2,0.0.0.0,456,456,587,37402,6,0,18,0,0,0,0
1705047203,446498,9089956,140.30.20.1,20,6597,9056404,9063924,0,0,52.97.168.214,140.30.20.2,0.0.0.0,456,456,639,46050,6,0,25,0,0,0,0
1705047203,446498,9089956,140.30.20.1,1,60,9063872,9063872,0,0,52.97.168.198,140.30.20.2,0.0.0.0,456,456,587,37412,6,0,18,0,0,0,0
1705047203,446498,9089956,140.30.20.1,27,3108,9056356,9063924,0,0,152.148.48.4,52.97.168.214,140.30.20.2,456,456,46050,587,6,0,27,0,0,0,0
1705047203,446498,9089956,140.30.20.1,1,60,9074904,9074904,0,0,52.98.200.198,140.30.20.2,0.0.0.0,456,456,587,38792,6,0,18,0,0,0,0
1705047213,520114,9100032,140.30.20.1,1,88,9074904,9074904,0,0,140.30.20.3,52.98.200.198,140.30.20.2,65535,456,0,1281,1,192,0,0,0,0,0
1705047213,520114,9100032,140.30.20.1,1,60,9074904,9074904,0,0,52.98.163.54,140.30.20.2,0.0.0.0,456,456,587,35406,6,0,18,0,0,0,0
1705047213,520114,9100032,140.30.20.1,1,60,9074904,9074904,0,0,52.98.200.198,140.30.20.2,0.0.0.0,456,456,587,38562,6,0,18,0,0,0,0
1705047213,520114,9100032,140.30.20.1,1,60,9074904,9074904,0,0,52.98.163.54,140.30.20.2,0.0.0.0,456,456,587,40648,6,0,18,0,0,0,0
1705047213,520114,9100032,140.30.20.1,1,88,9074904,9074904,0,0,140.30.20.3,52.98.163.54,140.30.20.2,65535,456,0,1281,1,192,0,0,0,0,0
1705047213,520114,9100032,140.30.20.1,1,60,9074904,9074904,0,0,52.98.163.54,140.30.20.2,0.0.0.0,456,456,587,34756,6,0,18,0,0,0,0
1705047213,520114,9100032,140.30.20.1,18,6215,9061436,9075312,0,0,52.97.168.198,140.30.20.2,0.0.0.0,456,456,978,42290,6,0,25,0,0,0,0
1705047213,520114,9100032,140.30.20.1,22,2803,9061392,9075312,0,0,152.148.48.5,52.97.168.198,140.30.20.2,456,456,42290,587,6,0,27,0,0,0,0
1705047213,520114,9100032,140.30.20.1,26,3106,9062740,9074956,0,0,152.148.48.4,52.97.168.198,140.30.20.2,456,456,37402,587,6,0,27,0,0,0,0
1705047213,520114,9100032,140.30.20.1,20,6599,9074932,9076216,0,0,52.98.163.54,140.30.20.2,0.0.0.0,456,456,791,35406,6,0,25,0,0,0,0
1705047213,520114,9100032,140.30.20.1,1,60,9080940,9080940,0,0,52.97.168.198,140.30.20.2,0.0.0.0,456,456,587,52868,6,0,18,0,0,0,0
1705047213,520114,9100032,140.30.20.1,1,60,9078888,9078888,0,0,52.98.163.38,140.30.20.2,0.0.0.0,456,456,587,55672,6,0,18,0,0,0,0
1705047213,520114,9100032,140.30.20.1,21,2779,9076528,9077444,0,0,152.148.48.6,52.98.163.54,140.30.20.2,456,456,35408,587,6,0,27,0,0,0,0
1705047213,520114,9100032,140.30.20.1,25,3009,9074808,9076340,0,0,152.148.48.5,52.98.163.54,140.30.20.2,456,456,34756,587,6,0,27,0,0,0,0
1705047213,520114,9100032,140.30.20.1,20,6599,9074932,9076152,0,0,52.98.200.198,140.30.20.2,0.0.0.0,456,456,993,38792,6,0,25,0,0,0,0
1705047213,520114,9100032,140.30.20.1,27,3087,9060016,9075312,0,0,152.148.48.6,52.97.168.198,140.30.20.2,456,456,59402,587,6,0,27,0,0,0,0
1705047213,520114,9100032,140.30.20.1,1,60,9076348,9076348,0,0,52.98.163.54,140.30.20.2,0.0.0.0,456,456,587,34764,6,0,18,0,0,0,0
1705047213,520114,9100032,140.30.20.1,24,2947,9077552,9078728,0,0,152.148.48.6,52.98.163.54,140.30.20.2,456,456,35432,587,6,0,27,0,0,0,0
1705047213,520114,9100032,140.30.20.1,1,60,9083936,9083936,0,0,40.101.92.22,140.30.20.2,0.0.0.0,456,456,587,59150,6,0,18,0,0,0,0
1705047213,520114,9100032,140.30.20.1,20,6599,9074932,9076208,0,0,52.98.200.198,140.30.20.2,0.0.0.0,456,456,823,38562,6,0,25,0,0,0,0
1705047213,520114,9100032,140.30.20.1,17,6163,9076372,9083984,0,0,52.98.163.54,140.30.20.2,0.0.0.0,456,456,658,34764,6,0,25,0,0,0,0
1705047213,520114,9100032,140.30.20.1,22,6680,9058604,9075312,0,0,52.97.168.198,140.30.20.2,0.0.0.0,456,456,1002,59394,6,0,25,0,0,0,0
1705047213,520114,9100032,140.30.20.1,20,6599,9074932,9076340,0,0,52.98.163.54,140.30.20.2,0.0.0.0,456,456,806,34756,6,0,25,0,0,0,0
1705047213,520114,9100032,140.30.20.1,1,60,9083940,9083940,0,0,40.101.92.22,140.30.20.2,0.0.0.0,456,456,587,40728,6,0,18,0,0,0,0
1705047213,520114,9100032,140.30.20.1,17,6224,9076572,9077440,0,0,52.98.163.54,140.30.20.2,0.0.0.0,456,456,994,35408,6,0,25,0,0,0,0
1705047213,520114,9100032,140.30.20.1,22,2803,9061876,9075312,0,0,152.148.48.5,52.97.168.198,140.30.20.2,456,456,42300,587,6,0,27,0,0,0,0
1705047213,520114,9100032,140.30.20.1,1,60,9083936,9083936,0,0,40.101.92.22,140.30.20.2,0.0.0.0,456,456,587,40726,6,0,18,0,0,0,0
1705047213,520114,9100032,140.30.20.1,1,60,9077576,9077576,0,0,52.98.163.54,140.30.20.2,0.0.0.0,456,456,587,35432,6,0,18,0,0,0,0
1705047213,520114,9100032,140.30.20.1,1,88,9080940,9080940,0,0,140.30.20.3,52.97.168.198,140.30.20.2,65535,456,0,1281,1,192,0,0,0,0,0
1705047213,520114,9100032,140.30.20.1,24,2957,9074808,9076156,0,0,152.148.48.5,52.98.200.198,140.30.20.2,456,456,38792,587,6,0,27,0,0,0,0
1705047215,604645,9102116,140.30.20.1,18,6215,9061924,9075312,0,0,52.97.168.198,140.30.20.2,0.0.0.0,456,456,622,42300,6,0,25,0,0,0,0
1705047215,604645,9102116,140.30.20.1,24,2957,9074804,9076208,0,0,152.148.48.6,52.98.200.198,140.30.20.2,456,456,38562,587,6,0,27,0,0,0,0
1705047215,604645,9102116,140.30.20.1,1,60,9076540,9076540,0,0,52.98.163.54,140.30.20.2,0.0.0.0,456,456,587,34776,6,0,18,0,0,0,0
1705047215,604645,9102116,140.30.20.1,1,88,9081416,9081416,0,0,140.30.20.3,40.101.92.22,140.30.20.2,65535,456,0,1281,1,192,0,0,0,0,0
1705047215,604645,9102116,140.30.20.1,24,2929,9074812,9081464,0,0,152.148.48.4,52.98.163.54,140.30.20.2,456,456,40648,587,6,0,27,0,0,0,0
1705047215,604645,9102116,140.30.20.1,1,60,9077784,9077784,0,0,52.98.163.54,140.30.20.2,0.0.0.0,456,456,587,35434,6,0,18,0,0,0,0
1705047215,604645,9102116,140.30.20.1,17,6224,9076740,9077632,0,0,52.98.163.54,140.30.20.2,0.0.0.0,456,456,699,35422,6,0,25,0,0,0,0
1705047215,604645,9102116,140.30.20.1,1,60,9076716,9076716,0,0,52.98.163.54,140.30.20.2,0.0.0.0,456,456,587,35422,6,0,18,0,0,0,0
1705047215,604645,9102116,140.30.20.1,17,6163,9077804,9083984,0,0,52.98.163.54,140.30.20.2,0.0.0.0,456,456,920,35434,6,0,25,0,0,0,0
1705047215,604645,9102116,140.30.20.1,18,6335,9077600,9078728,0,0,52.98.163.54,140.30.20.2,0.0.0.0,456,456,813,35432,6,0,25,0,0,0,0
1705047215,604645,9102116,140.30.20.1,28,3379,9063564,9080992,0,0,152.148.48.4,52.97.168.198,140.30.20.2,456,456,37412,587,6,0,27,0,0,0,0
1705047215,604645,9102116,140.30.20.1,20,6437,9060164,9075312,0,0,52.97.168.198,140.30.20.2,0.0.0.0,456,456,674,59402,6,0,25,0,0,0,0
1705047215,604645,9102116,140.30.20.1,22,2803,9076516,9083988,0,0,152.148.48.5,52.98.163.54,140.30.20.2,456,456,34776,587,6,0,27,0,0,0,0
1705047215,604645,9102116,140.30.20.1,21,2751,9077764,9083988,0,0,152.148.48.6,52.98.163.54,140.30.20.2,456,456,35434,587,6,0,27,0,0,0,0
1705047215,604645,9102116,140.30.20.1,20,6544,9062784,9074956,0,0,52.97.168.198,140.30.20.2,0.0.0.0,456,456,951,37402,6,0,25,0,0,0,0
1705047215,604645,9102116,140.30.20.1,21,2751,9076320,9083988,0,0,152.148.48.5,52.98.163.54,140.30.20.2,456,456,34764,587,6,0,27,0,0,0,0
1705047215,604645,9102116,140.30.20.1,21,2779,9076696,9077632,0,0,152.148.48.6,52.98.163.54,140.30.20.2,456,456,35422,587,6,0,27,0,0,0,0
1705047215,604645,9102116,140.30.20.1,1,60,9076548,9076548,0,0,52.98.163.54,140.30.20.2,0.0.0.0,456,456,587,35408,6,0,18,0,0,0,0
1705047215,604645,9102116,140.30.20.1,24,2957,9074792,9076216,0,0,152.148.48.6,52.98.163.54,140.30.20.2,456,456,35406,587,6,0,27,0,0,0,0
1705047215,604645,9102116,140.30.20.1,31,3830,9058560,9075312,0,0,152.148.48.6,52.97.168.198,140.30.20.2,456,456,59394,587,6,0,27,0,0,0,0
1705047215,604645,9102116,140.30.20.1,1,60,9081416,9081416,0,0,40.101.92.22,140.30.20.2,0.0.0.0,456,456,587,52966,6,0,18,0,0,0,0
1705047215,604645,9102116,140.30.20.1,19,6394,9063896,9080992,0,0,52.97.168.198,140.30.20.2,0.0.0.0,456,456,778,37412,6,0,25,0,0,0,0
1705047215,604645,9102116,140.30.20.1,1,88,9078888,9078888,0,0,140.30.20.3,52.98.163.38,140.30.20.2,65535,456,0,1281,1,192,0,0,0,0,0
1705047215,604645,9102116,140.30.20.1,17,6163,9076564,9083984,0,0,52.98.163.54,140.30.20.2,0.0.0.0,456,456,783,34776,6,0,25,0,0,0,0
1705047215,604645,9102116,140.30.20.1,20,6538,9074932,9081464,0,0,52.98.163.54,140.30.20.2,0.0.0.0,456,456,998,40648,6,0,25,0,0,0,0
1705047215,604645,9102116,140.30.20.1,1,60,9086880,9086880,0,0,40.101.92.22,140.30.20.2,0.0.0.0,456,456,587,59158,6,0,18,0,0,0,0
1705047215,604645,9102116,140.30.20.1,20,6449,9078912,9086928,0,0,52.98.163.38,140.30.20.2,0.0.0.0,456,456,625,55672,6,0,25,0,0,0,0
1705047215,604645,9102116,140.30.20.1,28,3281,9078868,9086928,0,0,152.148.48.6,52.98.163.38,140.30.20.2,456,456,55672,587,6,0,27,0,0,0,0
1705047215,604645,9102116,140.30.20.1,26,7033,9083960,9087080,0,0,40.101.92.22,140.30.20.2,0.0.0.0,456,456,830,59150,6,0,25,0,0,0,0
1705047215,604645,9102116,140.30.20.1,25,6981,9083960,9087084,0,0,40.101.92.22,140.30.20.2,0.0.0.0,456,456,959,40726,6,0,25,0,0,0,0
1705047250,134764,9136644,140.30.20.1,33,3980,9083912,9087084,0,0,152.148.48.5,40.101.92.22,140.30.20.2,456,456,40726,587,6,0,27,0,0,0,0
1705047250,134764,9136644,140.30.20.1,35,4155,9083912,9087080,0,0,152.148.48.6,40.101.92.22,140.30.20.2,456,456,59150,587,6,0,27,0,0,0,0
1705047250,134764,9136644,140.30.20.1,22,8175,9080964,9090028,0,0,52.97.168.198,140.30.20.2,0.0.0.0,456,456,629,52868,6,0,25,0,0,0,0
1705047250,134764,9136644,140.30.20.1,32,3411,9080900,9090028,0,0,152.148.48.4,52.97.168.198,140.30.20.2,456,456,52868,587,6,0,27,0,0,0,0
1705047250,134764,9136644,140.30.20.1,1,60,9089980,9089980,0,0,40.101.92.22,140.30.20.2,0.0.0.0,456,456,587,52976,6,0,18,0,0,0,0
1705047250,134764,9136644,140.30.20.1,23,6732,9081440,9100168,0,0,40.101.92.22,140.30.20.2,0.0.0.0,456,456,807,52966,6,0,25,0,0,0,0
1705047250,134764,9136644,140.30.20.1,30,3350,9086860,9100160,0,0,152.148.48.6,40.101.92.22,140.30.20.2,456,456,59158,587,6,0,27,0,0,0,0
1705047250,134764,9136644,140.30.20.1,33,3952,9083920,9100168,0,0,152.148.48.5,40.101.92.22,140.30.20.2,456,456,40728,587,6,0,27,0,0,0,0
1705047250,134764,9136644,140.30.20.1,1,60,9100116,9100116,0,0,40.101.92.22,140.30.20.2,0.0.0.0,456,456,587,44732,6,0,18,0,0,0,0
1705047250,134764,9136644,140.30.20.1,17,6224,9100144,9101048,0,0,40.101.92.22,140.30.20.2,0.0.0.0,456,456,809,51656,6,0,25,0,0,0,0
1705047250,134764,9136644,140.30.20.1,28,3191,9081396,9100172,0,0,152.148.48.4,40.101.92.22,140.30.20.2,456,456,52966,587,6,0,27,0,0,0,0
1705047250,134764,9136644,140.30.20.1,21,2779,9100096,9101076,0,0,152.148.48.6,40.101.92.22,140.30.20.2,456,456,44732,587,6,0,27,0,0,0,0
1705047250,134764,9136644,140.30.20.1,1,60,9100120,9100120,0,0,40.101.92.22,140.30.20.2,0.0.0.0,456,456,587,51656,6,0,18,0,0,0,0
1705047250,134764,9136644,140.30.20.1,24,6909,9086904,9100160,0,0,40.101.92.22,140.30.20.2,0.0.0.0,456,456,770,59158,6,0,25,0,0,0,0
1705047250,134764,9136644,140.30.20.1,1,60,9100120,9100120,0,0,40.101.92.22,140.30.20.2,0.0.0.0,456,456,587,46100,6,0,18,0,0,0,0
1705047250,134764,9136644,140.30.20.1,17,6224,9100144,9101048,0,0,40.101.92.22,140.30.20.2,0.0.0.0,456,456,797,46100,6,0,25,0,0,0,0
1705047250,134764,9136644,140.30.20.1,21,2779,9100100,9101048,0,0,152.148.48.4,40.101.92.22,140.30.20.2,456,456,46100,587,6,0,27,0,0,0,0
1705047250,134764,9136644,140.30.20.1,1,60,9101252,9101252,0,0,52.98.159.22,140.30.20.2,0.0.0.0,456,456,587,53442,6,0,18,0,0,0,0
1705047250,134764,9136644,140.30.20.1,25,6920,9083964,9100168,0,0,40.101.92.22,140.30.20.2,0.0.0.0,456,456,958,40728,6,0,25,0,0,0,0
1705047250,134764,9136644,140.30.20.1,1,88,9101252,9101252,0,0,140.30.20.3,52.98.159.22,140.30.20.2,65535,456,0,1281,1,192,0,0,0,0,0
1705047250,134764,9136644,140.30.20.1,21,2779,9100100,9101048,0,0,152.148.48.5,40.101.92.22,140.30.20.2,456,456,51656,587,6,0,27,0,0,0,0
1705047250,134764,9136644,140.30.20.1,17,6224,9100140,9101068,0,0,40.101.92.22,140.30.20.2,0.0.0.0,456,456,715,44732,6,0,25,0,0,0,0
1705047250,134764,9136644,140.30.20.1,1,60,9111320,9111320,0,0,52.98.163.54,140.30.20.2,0.0.0.0,456,456,587,32874,6,0,18,0,0,0,0
1705047250,134764,9136644,140.30.20.1,1,60,9111316,9111316,0,0,52.98.163.54,140.30.20.2,0.0.0.0,456,456,587,32868,6,0,18,0,0,0,0
1705047250,134764,9136644,140.30.20.1,22,2827,9101228,9111368,0,0,152.148.48.4,52.98.159.22,140.30.20.2,456,456,53442,587,6,0,27,0,0,0,0
1705047250,134764,9136644,140.30.20.1,22,2824,9089960,9111368,0,0,152.148.48.4,40.101.92.22,140.30.20.2,456,456,52976,587,6,0,27,0,0,0,0
1705047250,134764,9136644,140.30.20.1,17,6163,9090008,9111368,0,0,40.101.92.22,140.30.20.2,0.0.0.0,456,456,976,52976,6,0,25,0,0,0,0
1705047250,134764,9136644,140.30.20.1,19,6599,9101272,9111368,0,0,52.98.159.22,140.30.20.2,0.0.0.0,456,456,760,53442,6,0,25,0,0,0,0
1705047250,134764,9136644,140.30.20.1,1,88,9111316,9111316,0,0,140.30.20.3,52.98.163.54,140.30.20.2,65535,456,0,1281,1,192,0,0,0,0,0
1705047250,134764,9136644,140.30.20.1,1,60,9121564,9121564,0,0,52.98.200.246,140.30.20.2,0.0.0.0,456,456,587,52116,6,0,18,0,0,0,0
1705047313,176818,9199688,140.30.20.1,22,2827,9112696,9121460,0,0,152.148.48.4,52.98.200.214,140.30.20.2,456,456,37606,587,6,0,27,0,0,0,0
1705047313,176818,9199688,140.30.20.1,1,88,9121564,9121564,0,0,140.30.20.3,52.98.200.246,140.30.20.2,65535,456,0,1281,1,192,0,0,0,0,0
1705047313,176818,9199688,140.30.20.1,19,6599,9112744,9121460,0,0,52.98.200.214,140.30.20.2,0.0.0.0,456,456,700,37606,6,0,25,0,0,0,0
1705047313,176818,9199688,140.30.20.1,18,6274,9111344,9121336,0,0,52.98.163.54,140.30.20.2,0.0.0.0,456,456,672,32868,6,0,25,0,0,0,0
1705047313,176818,9199688,140.30.20.1,1,60,9121412,9121412,0,0,52.97.168.198,140.30.20.2,0.0.0.0,456,456,587,59702,6,0,18,0,0,0,0
1705047313,176818,9199688,140.30.20.1,18,6335,9111344,9112552,0,0,52.98.163.54,140.30.20.2,0.0.0.0,456,456,787,32874,6,0,25,0,0,0,0
1705047313,176818,9199688,140.30.20.1,1,88,9112720,9112720,0,0,140.30.20.3,52.98.200.214,140.30.20.2,65535,456,0,1281,1,192,0,0,0,0,0
1705047313,176818,9199688,140.30.20.1,1,88,9121412,9121412,0,0,140.30.20.3,52.97.168.198,140.30.20.2,65535,456,0,1281,1,192,0,0,0,0,0
1705047313,176818,9199688,140.30.20.1,24,2947,9111296,9112552,0,0,152.148.48.4,52.98.163.54,140.30.20.2,456,456,32874,587,6,0,27,0,0,0,0
1705047313,176818,9199688,140.30.20.1,1,60,9112720,9112720,0,0,52.98.200.214,140.30.20.2,0.0.0.0,456,456,587,37606,6,0,18,0,0,0,0
1705047313,176818,9199688,140.30.20.1,24,2919,9111292,9121336,0,0,152.148.48.4,52.98.163.54,140.30.20.2,456,456,32868,587,6,0,27,0,0,0,0
1705047313,176818,9199688,140.30.20.1,17,6224,9121584,9122468,0,0,52.98.200.246,140.30.20.2,0.0.0.0,456,456,669,52116,6,0,25,0,0,0,0
1705047313,176818,9199688,140.30.20.1,19,2659,9121388,9123052,0,0,152.148.48.4,52.97.168.198,140.30.20.2,456,456,59702,587,6,0,26,0,0,0,0
1705047313,176818,9199688,140.30.20.1,16,6277,9121436,9123048,0,0,52.97.168.198,140.30.20.2,0.0.0.0,456,456,797,59702,6,0,24,0,0,0,0
1705047313,176818,9199688,140.30.20.1,21,2779,9121540,9122468,0,0,152.148.48.4,52.98.200.246,140.30.20.2,456,456,52116,587,6,0,27,0,0,0,0
1705047313,176818,9199688,140.30.20.1,2,120,9141292,9141292,0,0,52.98.200.246,140.30.20.2,0.0.0.0,456,456,587,58384,6,0,18,0,0,0,0
1705047313,176818,9199688,140.30.20.1,2,104,9143224,9143248,0,0,152.148.48.4,52.97.168.198,140.30.20.2,456,456,59702,587,6,0,17,0,0,0,0
1705047313,176818,9199688,140.30.20.1,1,88,9141292,9141292,0,0,140.30.20.3,52.98.200.246,140.30.20.2,65535,456,0,1281,1,192,0,0,0,0,0
1705047313,176818,9199688,140.30.20.1,2,104,9143248,9143248,0,0,52.97.168.198,140.30.20.2,0.0.0.0,456,456,797,59702,6,0,17,0,0,0,0
1705047313,176818,9199688,140.30.20.1,1,60,9159124,9159124,0,0,40.101.93.230,140.30.20.2,0.0.0.0,456,456,587,40586,6,0,18,0,0,0,0
1705047313,176818,9199688,140.30.20.1,19,6599,9143224,9159168,0,0,52.98.200.246,140.30.20.2,0.0.0.0,456,456,924,58384,6,0,25,0,0,0,0
1705047313,176818,9199688,140.30.20.1,1,88,9159124,9159124,0,0,140.30.20.3,40.101.93.230,140.30.20.2,65535,456,0,1281,1,192,0,0,0,0,0
1705047313,176818,9199688,140.30.20.1,24,2931,9141264,9159168,0,0,152.148.48.4,52.98.200.246,140.30.20.2,456,456,58384,587,6,0,27,0,0,0,0
1705047313,176818,9199688,140.30.20.1,25,2971,9159100,9170708,0,0,152.148.48.4,40.101.93.230,140.30.20.2,456,456,40586,587,6,0,27,0,0,0,0
1705047313,176818,9199688,140.30.20.1,1,60,9170660,9170660,0,0,52.98.200.230,140.30.20.2,0.0.0.0,456,456,587,58262,6,0,18,0,0,0,0
1705047313,176818,9199688,140.30.20.1,1,88,9170660,9170660,0,0,140.30.20.3,52.98.200.230,140.30.20.2,65535,456,0,1281,1,192,0,0,0,0,0
1705047313,176818,9199688,140.30.20.1,18,6274,9159144,9170708,0,0,40.101.93.230,140.30.20.2,0.0.0.0,456,456,733,40586,6,0,25,0,0,0,0
1705047313,176818,9199688,140.30.20.1,1,88,9181012,9181012,0,0,140.30.20.3,140.30.20.4,0.0.0.0,65535,456,0,1281,1,192,0,0,0,0,0
1705047313,176818,9199688,140.30.20.1,23,2879,9170636,9180456,0,0,152.148.48.4,52.98.200.230,140.30.20.2,456,456,58262,587,6,0,27,0,0,0,0
1705047313,176818,9199688,140.30.20.1,20,6651,9170684,9180484,0,0,52.98.200.230,140.30.20.2,0.0.0.0,456,456,832,58262,6,0,25,0,0,0,0
1705047337,712613,9224224,140.30.20.1,12,2301,9181012,9188992,0,0,140.30.20.4,140.30.20.2,0.0.0.0,456,456,22,44080,6,0,26,0,0,0,0
1705047337,712613,9224224,140.30.20.1,13,2253,9181012,9188992,0,0,152.148.48.254,140.30.20.4,0.0.0.0,456,456,44080,22,6,0,26,0,0,0,0
1705047399,200385,9285712,140.30.20.1,6,884,9208804,9209264,0,0,140.30.20.4,140.30.20.2,0.0.0.0,456,456,22,44080,6,0,24,0,0,0,0
1705047399,200385,9285712,140.30.20.1,5,520,9208804,9209264,0,0,152.148.48.254,140.30.20.4,0.0.0.0,456,456,44080,22,6,0,24,0,0,0,0
1705047399,200385,9285712,140.30.20.1,11,1800,9209264,9224224,0,0,140.30.20.4,140.30.20.2,0.0.0.0,456,456,22,44080,6,16,24,0,0,0,0
1705047399,200385,9285712,140.30.20.1,12,1072,9209264,9224224,0,0,152.148.48.254,140.30.20.4,0.0.0.0,456,456,44080,22,6,16,24,0,0,0,0
1705047399,200385,9285712,140.30.20.1,10,1100,9244248,9249320,0,0,140.30.20.4,140.30.20.2,0.0.0.0,456,456,22,44080,6,16,24,0,0,0,0
1705047399,200385,9285712,140.30.20.1,14,988,9244248,9249320,0,0,152.148.48.254,140.30.20.4,0.0.0.0,456,456,44080,22,6,16,24,0,0,0,0
1705047449,826883,9336336,140.30.20.1,5,524,9278768,9278780,0,0,140.30.20.4,140.30.20.2,0.0.0.0,456,456,22,44080,6,16,25,0,0,0,0
1705047449,826883,9336336,140.30.20.1,8,556,9278768,9278780,0,0,152.148.48.254,140.30.20.4,0.0.0.0,456,456,44080,22,6,16,25,0,0,0,0
1705047449,826883,9336336,140.30.20.1,18,2773,9286480,9299536,0,0,152.148.48.254,140.30.20.2,0.0.0.0,456,456,55540,22,6,0,26,0,0,0,0
1705047486,629239,9373140,140.30.20.1,19,3422,9332972,9336380,0,0,140.30.20.3,140.30.20.2,0.0.0.0,65535,456,22,38238,6,0,26,0,0,0,0
1705047486,629239,9373140,140.30.20.1,18,2773,9332972,9336380,0,0,140.30.20.2,140.30.20.3,0.0.0.0,456,65535,38238,22,6,0,26,0,0,0,0
1705047486,629239,9373140,140.30.20.1,34,2512,9299536,9337448,0,0,152.148.48.254,140.30.20.2,0.0.0.0,456,456,55540,22,6,16,24,0,0,0,0
1705047486,629239,9373140,140.30.20.1,7,1432,9336672,9337448,0,0,140.30.20.3,140.30.20.2,0.0.0.0,65535,456,22,38238,6,16,24,0,0,0,0
1705047486,629239,9373140,140.30.20.1,8,792,9336380,9337448,0,0,140.30.20.2,140.30.20.3,0.0.0.0,456,65535,38238,22,6,16,24,0,0,0,0
